<?xml version="1.0" encoding="UTF-8" ?>
<roster>

	<artist>
		<last>Abdoo</last>
		<first>Luellen</first>
		<muny>1109971249</muny>
		<muny_meta new="no">Classical Violin</muny_meta>
	</artist>
	
	<artist>
		<last>Abrahamsson</last>
		<first>Malin</first>
		<permart>lirr:babylonbranch:1:2</permart>
	</artist>

	<artist>
		<last>Acconci (Acconci Studio)</last>
		<first>Vito</first>
		<permart>nyct:D:1:2</permart>
	</artist>

	<artist>
		<last>Acconci (Acconci Studio)</last>
		<first>Vito</first>
		<permart>nyct:Q:1:16</permart>
	</artist>

	<artist>
		<last>Adams</last>
		<first>Alice</first>
		<permart>lirr:ronkonkomabranch:1:3</permart>
	</artist>

	<artist>
		<last>Adkins</last>
		<first>Terry</first>
		<permart>mnr:harlemline:2:1</permart>
	</artist>

	<artist>
		<last>AFRICUSSION</last>
		<first></first>
		<muny></muny>
		<muny_meta new="no">Percussion discussion</muny_meta>
	</artist>

	<artist>
		<last>AFRO ANDES</last>
		<first></first>
		<muny></muny>
		<muny_meta new="no">Afro-Andean fusion group</muny_meta>
	</artist>

	<artist>
		<last>AGUA CLARA</last>
		<first></first>
		<muny>-970426734</muny>
		<muny_meta new="no">Andean group</muny_meta>
	</artist>

	<artist>
		<last>ALEX LODICO ENSEMBLE</last>
		<first></first>
		<muny>-2112758760</muny>
		<muny_meta new="no">Jazz &amp; blues group</muny_meta>
	</artist>

	<artist>
		<last>Alvarado</last>
		<first>Edwardo</first>
		<muny></muny>
		<muny_meta new="no">Classical &amp; pop keyboards</muny_meta>
	</artist>

	<artist>
		<last>Alvarez</last>
		<first>Candida</first>
		<permart>nyct:5:1:9</permart>
	</artist>

	<artist>
		<last>Amowitz</last>
		<first>Lisa</first>
		<permart>nyct:5:1:13</permart>
	</artist>

	<artist>
		<last>Andors</last>
		<first>Rhoda</first>
		<permart>nyct:Q:1:13</permart>
	</artist>

	<artist>
		<last>Arai</last>
		<first>Tomie</first>
		<permart>nyct:2:1:8</permart>
	</artist>

	<artist>
		<last>Arroyo</last>
		<first>Andrea</first>
		<permart>nyct:5:1:5</permart>
	</artist>

	<artist>
		<last>Arroyo</last>
		<first>Andrea</first>
		<posters>1997:-583034557</posters>
	</artist>

	<artist>
		<last>Arruda</last>
		<first>Calebe</first>
		<muny></muny>
		<muny_meta new="no">Classical &amp; Brazilian guitar</muny_meta>
	</artist>

	<artist>
		<last>Arts for Transit Collaborative</last>
		<first></first>
		<permart>nyct:C:1:2</permart>
	</artist>

	<artist>
		<last>Arts for Transit Collaborative</last>
		<first></first>
		<permart>nyct:3:1:16</permart>
	</artist>

	<artist>
		<last>Atlantic Terra Cotta Company</last>
		<first></first>
		<permart>nyct:Q:2:16</permart>
	</artist>

	<artist>
		<last>AURORA ENSEMBLE</last>
		<first></first>
		<muny></muny>
		<muny_meta new="no">Baroque harp &amp; flute</muny_meta>
	</artist>

	<artist>
		<last>Ausby</last>
		<first>Ellsworth</first>
		<permart>nyct:J:1:17</permart>
	</artist>

	<artist>
		<last>BABY SODA JAZZ BAND</last>
		<first></first>
		<muny>1526620919</muny>
		<muny_meta new="no">New Orleans jazz</muny_meta>
	</artist>

	<artist>
		<last>Baker</last>
		<first>Garin</first>
		<posters>2009:660729045</posters>
	</artist>

	<artist>
		<last>Bahri</last>
		<first>Najib</first>
		<muny>136852546</muny>
		<muny_meta new="yes">North African percussion</muny_meta>
	</artist>

	<artist>
		<last>BAMBOO BREEZE</last>
		<first></first>
		<muny>29530640</muny>
		<muny_meta new="no">Chinese dulcimer &amp; percussion</muny_meta>
	</artist>
	
	<artist>
		<last>Baron</last>
		<first>Ron</first>
		<permart>lirr:hempsteadbranch:1:2</permart>
	</artist>

	<artist>
		<last>Bascove</last>
		<first></first>
		<posters>2007:-1565360965</posters>
	</artist>

	<artist>
		<last>Bascove</last>
		<first></first>
		<posters>2003:-399265286</posters>
	</artist>

	<artist>
		<last>Battle</last>
		<first>Laura</first>
		<permart>nyct:4:1:7</permart>
	</artist>

	<artist>
		<last>Beal</last>
		<first>Jack</first>
		<permart>nyct:P:2:2</permart>
	</artist>

	<artist>
		<last>Bearden</last>
		<first>Romare</first>
		<permart>nyct:6:1:1</permart>
	</artist>

	<artist>
		<last>Belshe</last>
		<first>Curt</first>
		<posters>1991:-1916478266</posters>
	</artist>

	<artist>
		<last>Benson</last>
		<first>Camila</first>
		<muny></muny>
		<muny_meta new="no">Bossa Nova singer/guitar</muny_meta>
	</artist>

	<artist>
		<last>Benton</last>
		<first>Jerome</first>
		<muny></muny>
		<muny_meta new="no">Mime, juggler &amp; puppeteer</muny_meta>
	</artist>

	<artist>
		<last>Bey</last>
		<first>Amir</first>
		<permart>nyct:4:1:9</permart>
	</artist>

	<artist>
		<last>BIG APPLE BOYS</last>
		<first></first>
		<muny>-1621178552</muny>
		<muny_meta new="yes">Barbershop chorus</muny_meta>
	</artist>

	<artist>
		<last>Birch</last>
		<first>Willie</first>
		<permart>nyct:3:1:1</permart>
	</artist>

	<artist>
		<last>Blackburn</last>
		<first>Robert</first>
		<permart>nyct:6:1:3</permart>
	</artist>

	<artist>
		<last>Blackford</last>
		<first>John</first>
		<artcard>2002</artcard>
	</artist>

	<artist>
		<last>Blackwell</last>
		<first>Marjorie</first>
		<permart>mnr:newhavenline:1:1</permart>
	</artist>

	<artist>
		<last>BLUE VIPERS of BROOKLYN</last>
		<first></first>
		<muny></muny>
		<muny_meta new="yes">Blues and jazz band</muny_meta>
	</artist>

	<artist>
		<last>Blum</last>
		<first>Nancy</first>
		<permart>mnr:hudsonline:1:4</permart>
	</artist>

	<artist>
		<last>Bosman</last>
		<first>Richard</first>
		<posters>1994:163001388</posters>
	</artist>

	<artist>
		<last>Bradley</last>
		<first>Laura</first>
		<permart>nyct:6:1:6</permart>
	</artist>

	<artist>
		<last>Brand</last>
		<first>Bill</first>
		<permart>nyct:Q:2:7</permart>
	</artist>

	<artist>
		<last>Brandt</last>
		<first>Helene</first>
		<permart>nyct:D:2:2</permart>
	</artist>

	<artist>
		<last>Braz</last>
		<first>Eliano</first>
		<muny></muny>
		<muny_meta new="no">Brazilian folkloric violin</muny_meta>
	</artist>

	<artist>
		<last>BREAK OF REALITY</last>
		<first></first>
		<muny></muny>
		<muny_meta new="no">Cellos and percussion ensemble</muny_meta>
	</artist>

	<artist>
		<last>Brisdane</last>
		<first></first>
		<muny></muny>
		<muny_meta new="no">Jazz &amp; Broadway piano</muny_meta>
	</artist>

	<artist>
		<last>Brise&ntilde;o</last>
		<first>Rolando</first>
		<permart>mnr:harlemline:1:8</permart>
	</artist>

	<artist>
		<last>Brody</last>
		<first>Michele</first>
		<permart>nyct:5:1:7</permart>
	</artist>
	
	<artist>
		<last>BROTHERS MOVING</last>
		<first></first>
		<muny>-674188315</muny>
		<muny_meta new="yes">Danish folk singing with guitars</muny_meta>
	</artist>

	<artist>
		<last>Brown</last>
		<first>Charlotte</first>
		<lightbox>3</lightbox>
	</artist>

	<artist>
		<last>Brown</last>
		<first>Deborah</first>
		<permart>nyct:1:1:15</permart>
	</artist>

	<artist>
		<last>Brown</last>
		<first>Paul</first>
		<muny></muny>
		<muny_meta new="no">Guitar &amp; vocals</muny_meta>
	</artist>

	<artist>
		<last>Brozgol</last>
		<first>Lee</first>
		<permart>nyct:1:1:14</permart>
	</artist>

	<artist>
		<last>Bruno</last>
		<first>Martina</first>
		<muny>1366164600</muny>
		<muny_meta new="no">Opera</muny_meta>
	</artist>

	<artist>
		<last>Bruno</last>
		<first>Tom</first>
		<muny></muny>
		<muny_meta new="no">Jazz group</muny_meta>
	</artist>

	<artist>
		<last>Bunkley</last>
		<first>Brit</first>
		<permart>lirr:montaukbranch:1:2</permart>
	</artist>

	<artist>
		<last>Buonagurio</last>
		<first>Toby</first>
		<permart>nyct:P:3:2</permart>
	</artist>

	<artist>
		<last>Burger</last>
		<first>Heidi</first>
		<muny>-397451461</muny>
		<muny_meta new="no">Singer songwriter</muny_meta>
	</artist>

	<artist>
		<last>Burns</last>
		<first>Millie</first>
		<permart>nyct:S:1:3</permart>
	</artist>

	<artist>
		<last>Bursztyn</last>
		<first>Dina</first>
		<permart>nyct:4:1:10</permart>
	</artist>

	<artist>
		<last>Butler</last>
		<first>Michael</first>
		<muny>-1049497850</muny>
		<muny_meta new="no">Pop guitar &amp; vocals</muny_meta>
	</artist>

	<artist>
		<last>Byram</last>
		<first>Stephen</first>
		<posters>1993:1957646204</posters>
	</artist>

	<artist>
		<last>CAGLE FAMILY</last>
		<first></first>
		<muny>-577650769</muny>
		<muny_meta new="no">Family band, vocal group</muny_meta>
	</artist>

	<artist>
		<last>Cagle</last>
		<first>Susan</first>
		<muny>-471652037</muny>
		<muny_meta new="no">vocal</muny_meta>
	</artist>

	<artist>
		<last>Calloway</last>
		<first>Ron</first>
		<permart>nyct:J:1:12</permart>
	</artist>

	<artist>
		<last>Calver</last>
		<first>Dave</first>
		<posters>2005:-702333669</posters>
	</artist>

	<artist>
		<last>Calver</last>
		<first>Dave</first>
		<artcard>2006</artcard>
	</artist>

	<artist>
		<last>Campbell</last>
		<first>Naomi</first>
		<permart>nyct:5:1:10</permart>
	</artist>

	<artist>
		<last>Campbell</last>
		<first>Roy</first>
		<muny></muny>
		<muny_meta new="no">Jazz trumpet &amp; flugelhorn
</muny_meta>
	</artist>

	<artist>
		<last>CAROLINA SLIM</last>
		<first></first>
		<muny>-1992524497</muny>
		<muny_meta new="no">Piedmont Bluesman</muny_meta>
	</artist>

	<artist>
		<last>Cash</last>
		<first>Sidney</first>
		<permart>nyct:W:1:1</permart>
	</artist>

	<artist>
		<last>Castanis</last>
		<first>Muriel</first>
		<permart>nyct:5:1:29</permart>
	</artist>

	<artist>
		<last>Castillo</last>
		<first>Juan</first>
		<muny></muny>
		<muny_meta new="no">Andes fusion</muny_meta>
	</artist>

	<artist>
		<last>Cavalieri</last>
		<first>Joseph</first>
		<permart>mnr:hudsonline:1:5</permart>
	</artist>

	<artist>
		<last>Cavanagh</last>
		<first>John</first>
		<permart>nyct:7:1:3</permart>
	</artist>

	<artist>
		<last>Chang</last>
		<first>Jackie</first>
		<permart>nyct:L:1:7</permart>
	</artist>

	<artist>
		<last>Cheng</last>
		<first>Amy</first>
		<permart>nyct:J:1:5</permart>
	</artist>

	<artist>
		<last>Chin</last>
		<first>Mel</first>
		<permart>nyct:V:1:10</permart>
	</artist>

	<artist>
		<last>Christopher</last>
		<first>Tom</first>
		<posters>1998:-885840039</posters>
	</artist>

	<artist>
		<last>Ceibal</last>
		<first>Alfredo</first>
		<posters>1998:-838976130</posters>
	</artist>

	<artist>
		<last>Cissoko</last>
		<first>Lankandia</first>
		<muny></muny>
		<muny_meta new="no">Senegalese kora &amp; griot</muny_meta>
	</artist>

	<artist>
		<last>Clark</last>
		<first>Steven</first>
		<muny></muny>
		<muny_meta new="no">Dance &amp; impersonator</muny_meta>
	</artist>

	<artist>
		<last>Coloff</last>
		<first>Leah</first>
		<muny>-2040400617</muny>
		<muny_meta new="no">Classical punk cello and voice</muny_meta>
	</artist>

	<artist>
		<last>Col&oacute;n</last>
		<first>Ra&uacute;l</first>
		<permart>nyct:1:1:3</permart>
	</artist>

	<artist>
		<last>Col&oacute;n</last>
		<first>Ra&uacute;l</first>
		<posters>2002:-2053361726</posters>
	</artist>

	<artist>
		<last>Col&oacute;n</last>
		<first>Ra&uacute;l</first>
		<posters>2002:-1576513722</posters>
	</artist>

	<artist>
		<last>Col&oacute;n</last>
		<first>Ra&uacute;l</first>
		<posters>2001:87547640</posters>
	</artist>


	<artist>
		<last>Consuegra</last>
		<first>Hugo</first>
		<permart>nyct:4:1:23</permart>
	</artist>

	<artist>
		<last>Conwill</last>
		<first>Houston</first>
		<permart>nyct:6:1:2</permart>
	</artist>

	<artist>
		<last>Copeland</last>
		<first>Noel</first>
		<permart>nyct:2:1:1</permart>
	</artist>

	<artist>
		<last>Coron</last>
		<first>B&eacute;atrice</first>
		<permart>nyct:5:1:6</permart>
	</artist>

	<artist>
		<last>Coron</last>
		<first>B&eacute;atrice</first>
		<artcard>2009</artcard>
	</artist>

	<artist>
		<last>Crespo</last>
		<first>George</first>
		<permart>nyct:5:1:16</permart>
	</artist>

	<artist>
		<last>Cummins</last>
		<first>Gabe</first>
		<muny>1861887690</muny>
		<muny_meta new="no">New jazz guitar</muny_meta>
	</artist>

	<artist>
		<last>Cusack</last>
		<first>Peter</first>
		<posters>2006:2129990574</posters>
	</artist>

	<artist>
		<last>DAGMAR</last>
		<first></first>
		<muny>417038667</muny>
		<muny_meta new="no">Art-rock opera</muny_meta>
	</artist>

	<artist>
		<last>Daigneault</last>
		<first>Sylvie</first>
		<posters>2006:-1703991917</posters>
	</artist>

	<artist>
		<last>D'Alesandro</last>
		<first>Joseph</first>
		<permart>nyct:2:1:4</permart>
	</artist>

	<artist>
		<last>Davidek</last>
		<first>Annette</first>
		<permart>nyct:J:1:15</permart>
	</artist>

	<artist>
		<last>Davis</last>
		<first>Sammie C.</first>
		<muny></muny>
		<muny_meta new="no">Soul &amp; Pop vocalist
</muny_meta>
	</artist>

	<artist>
		<last>DC TROUBADOURS</last>
		<first></first>
		<muny>348886388</muny>
		<muny_meta new="no">Classical ensemble</muny_meta>
	</artist>

	<artist>
		<last>de Bretteville</last>
		<first>Sheila Levrant</first>
		<permart>nyct:A:1:1</permart>
	</artist>

	<artist>
		<last>Del Rosario</last>
		<first>Edward</first>
		<artcard>2003</artcard>
	</artist>

	<artist>
		<last>Del Valle</last>
		<first>Daniel</first>
		<permart>nyct:5:1:11</permart>
	</artist>

	<artist>
		<last>Delsarte</last>
		<first>Louis</first>
		<permart>nyct:5:1:28</permart>
	</artist>

	<artist>
		<last>DELTA BLUES</last>
		<first></first>
		<muny>1384639813</muny>
		<muny_meta new="no">Mississippi Delta Blues</muny_meta>
	</artist>

	<artist>
		<last>DELTA DAVE</last>
		<first></first>
		<muny>949680838</muny>
		<muny_meta new="no">Chicago-style blues</muny_meta>
	</artist>

	<artist>
		<last>DeSart</last>
		<first>Zach</first>
		<lightbox>2</lightbox>
	</artist>

	<artist>
		<last>Dezs&ouml;</last>
		<first>Andrea</first>
		<permart>nyct:4:1:3</permart>
	</artist>

	<artist>
		<last>Dezs&ouml;</last>
		<first>Andrea</first>
		<artcard>2009</artcard>
	</artist>

	<artist>
		<last>Diaz</last>
		<first>Julio</first>
		<muny></muny>
		<muny_meta new="no">"Dancing with Lupita"</muny_meta>
	</artist>

	<artist>
		<last>Dickson</last>
		<first>Jane</first>
		<permart>nyct:P:5:2</permart>
	</artist>

	<artist>
		<last>Dickson</last>
		<first>Jane</first>
		<posters>1992:-885840039</posters>
	</artist>

	<artist>
		<last>DIDJWORKS</last>
		<first></first>
		<muny>1283607713</muny>
		<muny_meta new="no">Didjeridoo</muny_meta>
	</artist>

	<artist>
		<last>Dinhofer</last>
		<first>Lisa</first>
		<permart>nyct:E:1:9</permart>
	</artist>

	<artist>
		<last>DJANGO EXPERIMENT</last>
		<first></first>
		<muny></muny>
		<muny_meta new="yes">French gypsy, world music ensemble</muny_meta>
	</artist>

	<artist>
		<last>Dominguez</last>
		<first>Maria</first>
		<permart>nyct:J:1:9</permart>
	</artist>

	<artist>
		<last>Doner</last>
		<first>Michele Oka</first>
		<permart>nyct:W:1:7</permart>
	</artist>

	<artist>
		<last>DOUBLE ENTENDRE MUSIC ENSEMBLE</last>
		<first></first>
		<muny>-834416270</muny>
		<muny_meta new="no">Classic wind sextet</muny_meta>
	</artist>

	<artist>
		<last>DRUM ZONE</last>
		<first></first>
		<muny></muny>
		<muny_meta new="no">Talking drum duo</muny_meta>
	</artist>

	<artist>
		<last>Doyle and Partners</last>
		<first>Drenttel</first>
		<permart>nyct:V:1:7</permart>
	</artist>

	<artist>
		<last>Driscoll</last>
		<first>Ellen</first>
		<permart>mnr:grandcentralterminal:1:1</permart>
	</artist>

	<artist>
		<last>Eastwind</last>
		<first>Theo</first>
		<muny>-1472862669</muny>
		<muny_meta new="no">Singer, songwriter</muny_meta>
	</artist>

	<artist>
		<last>EBONY HILLBILLIES</last>
		<first></first>
		<muny>1582083924</muny>
		<muny_meta new="no">Black string band</muny_meta>
	</artist>

	<artist>
		<last>Edwards</last>
		<first>Bruce</first>
		<muny></muny>
		<muny_meta new="no">Jazz group</muny_meta>
	</artist>

	<artist>
		<last>EL STREET CAFE</last>
		<first></first>
		<muny>-2041671698</muny>
		<muny_meta new="no">Blues group</muny_meta>
	</artist>

	<artist>
		<last>EL VATE</last>
		<first></first>
		<muny></muny>
		<muny_meta new="no">So. American flute</muny_meta>
	</artist>

	<artist>
		<last>EL Y ELLA</last>
		<first></first>
		<muny></muny>
		<muny_meta new="no">Latin guitar &amp; vocal duo</muny_meta>
	</artist>

	<artist>
		<last>ELECTRIC WOLFPAK</last>
		<first></first>
		<muny></muny>
		<muny_meta new="no">Jazz trio</muny_meta>
	</artist>

	<artist>
		<last>ELIANTO QUINTET</last>
		<first></first>
		<muny></muny>
		<muny_meta new="no">Classical string quintet</muny_meta>
	</artist>

	<artist>
		<last>Ellmann</last>
		<first>Barbara</first>
		<permart>nyct:J:1:6</permart>
	</artist>

	<artist>
		<last>Enright</last>
		<first>Nicky</first>
		<permart>nyct:2:1:3</permart>
	</artist>

	<artist>
		<last>ERIC PAULIN GROUP</last>
		<first></first>
		<muny>443944025</muny>
		<muny_meta new="no">Jazz group</muny_meta>
	</artist>

	<artist>
		<last>Fasanella</last>
		<first>Ralph</first>
		<permart>nyct:V:2:7</permart>
	</artist>

	<artist>
		<last>ESPIRITU ANDINO</last>
		<first></first>
		<muny>-1922617259</muny>
		<muny_meta new="no">Inca music group</muny_meta>
	</artist>

	<artist>
		<last>Fay</last>
		<first>Ming</first>
		<permart>nyct:J:1:18</permart>
	</artist>

	<artist>
		<last>Fekner</last>
		<first>John</first>
		<posters>1994:1125640063</posters>
	</artist>

	<artist>
		<last>Ferrara</last>
		<first>Jackie</first>
		<permart>nyct:P:1:1</permart>
	</artist>

	<artist>
		<last>FIDDLING FUSION</last>
		<first></first>
		<muny></muny>
		<muny_meta new="no">Classical &amp; Irish violin duo</muny_meta>
	</artist>

	<artist>
		<last>Fischer</last>
		<first>R. M.</first>
		<permart>bandt:1:1</permart>
	</artist>

	<artist>
		<last>Fischl</last>
		<first>Eric</first>
		<permart>nyct:E:1:12</permart>
	</artist>

	<artist>
		<last>FLAMENCO Y SOL</last>
		<first></first>
		<muny>248356459</muny>
		<muny_meta new="yes">Flamenco dance, guitar duo</muny_meta>
	</artist>

	<artist>
		<last>Fox</last>
		<first>Carson</first>
		<permart>lirr:babylonbranch:1:5</permart>
	</artist>

	<artist>
		<last>Francois</last>
		<first>Remy</first>
		<muny>61269066</muny>
		<muny_meta new="yes">Haitian singer and guitar</muny_meta>
	</artist>

	<artist>
		<last>FREELANCE WHALES</last>
		<first></first>
		<muny></muny>
		<muny_meta new="yes">Indie experimental rock</muny_meta>
	</artist>

	<artist>
		<last>Friedman</last>
		<first>Barbara</first>
		<posters>1995:903877589</posters>
	</artist>

	<artist>
		<last>Frux</last>
		<first>Gregory William</first>
		<posters>1996:784428417</posters>
	</artist>

	<artist>
		<last>Gaetano</last>
		<first>Nick</first>
		<posters>2005:1430415715</posters>
	</artist>

	<artist>
		<last>Galindo</last>
		<first>Felipe </first>
		<permart>nyct:1:1:1</permart>
	</artist>

	<artist>
		<last>Gall</last>
		<first>Chris</first>
		<artcard>2008</artcard>
	</artist>

	<artist>
		<last>Garvey</last>
		<first>James</first>
		<permart>nyct:6:1:13</permart>
	</artist>

	<artist>
		<last>Genfan</last>
		<first>Vicki</first>
		<muny></muny>
		<muny_meta new="yes">Guitarist, singer songwriter</muny_meta>
	</artist>

	<artist>
		<last>George</last>
		<first>Dan</first>
		<permart>nyct:Q:1:15</permart>
	</artist>

	<artist>
		<last>Gerakaris</last>
		<first>Dimitri</first>
		<permart>nyct:7:2:3</permart>
	</artist>

	<artist>
		<last>Gibbs</last>
		<first>Ron</first>
		<muny></muny>
		<muny_meta new="no">Jazz guitar</muny_meta>
	</artist>

	<artist>
		<last>Gibian</last>
		<first>Mark</first>
		<permart>nyct:J:1:20</permart>
	</artist>

	<artist>
		<last>Gibran Soul</last>
		<first></first>
		<muny></muny>
		<muny_meta new="no">"Ghetto folk singer"</muny_meta>
	</artist>

	<artist>
		<last>Giersbach</last>
		<first>Cadence</first>
		<permart>nyct:L:1:6</permart>
	</artist>

	<artist>
		<last>GILLEN &amp; TURK</last>
		<first></first>
		<muny>910454994</muny>
		<muny_meta new="no">Folk singers</muny_meta>
	</artist>

	<artist>
		<last>Gilliam</last>
		<first>Sam</first>
		<permart>nyct:J:1:1</permart>
	</artist>

	<artist>
		<last>GIMAGUA</last>
		<first></first>
		<muny>-194582439</muny>
		<muny_meta new="no">Rhumba, Cumbia guitar and vocal duo</muny_meta>
	</artist>

	<artist>
		<last>Ginzel &amp; Kristin Jones</last>
		<first>Andrew</first>
		<permart>nyct:A:1:9</permart>
	</artist>

	<artist>
		<last>Giorgini</last>
		<first>Frank</first>
		<permart>nyct:W:1:15</permart>
	</artist>

	<artist>
		<last>Glaser</last>
		<first>Milton</first>
		<permart>nyct:6:1:16</permart>
	</artist>

	<artist>
		<last>Godard</last>
		<first>Keith</first>
		<permart>nyct:W:1:9</permart>
	</artist>

	<artist>
		<last>Goletz</last>
		<first>DeBorah</first>
		<permart>nyct:Q:1:14</permart>
	</artist>

	<artist>
		<last>Gonzalez</last>
		<first>Arthur</first>
		<permart>mnr:harlemline:1:5</permart>
	</artist>

	<artist>
		<last>Gonzalez Albright</last>
		<first>Josie</first>
		<permart>nyct:4:1:1</permart>
	</artist>

	<artist>
		<last>Gooding</last>
		<first>Ben</first>
		<muny></muny>
		<muny_meta new="no">Gospel guitar &amp; vocals</muny_meta>
	</artist>

	<artist>
		<last>Gordon</last>
		<first>Dave</first>
		<muny></muny>
		<muny_meta new="no">Jazz group</muny_meta>
	</artist>

	<artist>
		<last>Grajales</last>
		<first>Elizabeth</first>
		<permart>nyct:3:1:8</permart>
	</artist>

	<artist>
		<last>Graseck</last>
		<first>James</first>
		<muny>1566498995</muny>
		<muny_meta new="no">Classical violin</muny_meta>
	</artist>

	<artist>
		<last>GAVIKORD ENSEMBLE</last>
		<first></first>
		<muny></muny>
		<muny_meta new="no">Gravikord and flute</muny_meta>
	</artist>

	<artist>
		<last>Green</last>
		<first>Jason</first>
		<muny>291225893</muny>
		<muny_meta new="no">Latin, jazz &amp; blues guitar
</muny_meta>
	</artist>

	<artist>
		<last>Green</last>
		<first>Roger</first>
		<muny></muny>
		<muny_meta new="no">Mime</muny_meta>
	</artist>

	<artist>
		<last>Greenaway</last>
		<first>Ricardo</first>
		<muny></muny>
		<muny_meta new="no">Melodic steel drum</muny_meta>
	</artist>

	<artist>
		<last>Greene</last>
		<first>Jimmy James</first>
		<permart>nyct:A:1:12</permart>
	</artist>

	<artist>
		<last>Greene</last>
		<first>Michelle</first>
		<permart>nyct:1:1:5</permart>
	</artist>

	<artist>
		<last>Greengold</last>
		<first>Jane</first>
		<permart>nyct:3:1:15</permart>
	</artist>

	<artist>
		<last>Greengold and Kane Chanh Do</last>
		<first>Jane</first>
		<permart>mnr:harlemline:1:9</permart>
	</artist>

	<artist>
		<last>Grier</last>
		<first>Cathy</first>
		<muny>205546510</muny>
		<muny_meta new="no">Guitar &amp; vocals</muny_meta>
	</artist>

	<artist>
		<last>Grissom</last>
		<first>Sean</first>
		<muny>810786441</muny>
		<muny_meta new="no">Classical &amp; Cajun cello</muny_meta>
	</artist>

	<artist>
		<last>Grondahl</last>
		<first>Corinne</first>
		<permart>nyct:4:1:2</permart>
	</artist>

	<artist>
		<last>GRUPO WAYNO</last>
		<first></first>
		<muny></muny>
		<muny_meta new="no">So. American group</muny_meta>
	</artist>

	<artist>
		<last>Gutierrez</last>
		<first>Marina</first>
		<posters>1993:-1462888007</posters>
	</artist>

	<artist>
		<last>Hadjipateras</last>
		<first>Mark</first>
		<permart>nyct:W:1:8</permart>
	</artist>

	<artist>
		<last>Hagen</last>
		<first>Stefan</first>
		<artcard>2004</artcard>
	</artist>

	<artist>
		<last>Hampton</last>
		<first>Frank Leslie</first>
		<permart>nyct:D:1:1</permart>
	</artist>

	<artist>
		<last>Hampton</last>
		<first>Frank Leslie</first>
		<posters>2002:-1672341098</posters>
	</artist>

	<artist>
		<last>HARD 2 FIND</last>
		<first></first>
		<muny></muny>
		<muny_meta new="no">A Capella</muny_meta>
	</artist>

	<artist>
		<last>Harders</last>
		<first>Una Karina</first>
		<muny>1621996162</muny>
		<muny_meta new="no">Opera singer, "songs without borders"</muny_meta>
	</artist>

	<artist>
		<last>Hart</last>
		<first>Verna</first>
		<permart>nyct:J:1:13</permart>
	</artist>

	<artist>
		<last>Harvey</last>
		<first>Ellen</first>
		<permart>mnr:hudsonline:1:1</permart>
	</artist>

	<artist>
		<last>Harvey</last>
		<first>Ellen</first>
		<permart>nyct:V:1:3</permart>
	</artist>

	<artist>
		<last>Hassinger</last>
		<first>Maren</first>
		<permart>nyct:3:1:4</permart>
	</artist>

	<artist>
		<last>Hastanan</last>
		<first>Skowmon</first>
		<permart>nyct:2:1:2</permart>
	</artist>

	<artist>
		<last>Hauben</last>
		<first>Daniel</first>
		<permart>nyct:5:1:12</permart>
	</artist>

	<artist>
		<last>H.A.V.I.C. 2</last>
		<first></first>
		<muny></muny>
		<muny_meta new="no">Steppers</muny_meta>
	</artist>

	<artist>
		<last>Held</last>
		<first>Al</first>
		<permart>nyct:E:1:5</permart>
	</artist>

	<artist>
		<last>Held</last>
		<first>Mara</first>
		<permart>nyct:J:1:16</permart>
	</artist>

	<artist>
		<last>Hennelly</last>
		<first>Rachel</first>
		<muny></muny>
		<muny_meta new="no">Mime, puppeteer</muny_meta>
	</artist>

	<artist>
		<last>Heo</last>
		<first>Yumi</first>
		<permart>nyct:7:1:6</permart>
	</artist>

	<artist>
		<last>Heo</last>
		<first>Yumi</first>
		<posters>2000:-1687290474</posters>
	</artist>

	<artist>
		<last>HETH</last>
		<first></first>
		<muny>969077661</muny>
		<muny_meta new="no">Guitar duo &amp; vocals</muny_meta>
	</artist>

	<artist>
		<last>Hickman</last>
		<first>Robert</first>
		<permart>nyct:3:1:5</permart>
	</artist>

	<artist>
		<last>Hightower</last>
		<first>Kahn</first>
		<muny>2121900288</muny>
		<muny_meta new="no">R&amp;B vocalist, "the Sugarbear"
</muny_meta>
	</artist>

	<artist>
		<last>J. HILL & HARTLING</last>
		<first></first>
		<muny>-332247323</muny>
		<muny_meta new="no">Country blues guitar</muny_meta>
	</artist>

	<artist>
		<last>Holder</last>
		<first>Robin</first>
		<permart>nyct:J:1:14</permart>
	</artist>

	<artist>
		<last>Holt</last>
		<first>Nancy</first>
		<permart>nyct:J:1:21</permart>
	</artist>

	<artist>
		<last>Holup</last>
		<first>Wopo</first>
		<permart>nyct:1:1:2</permart>
	</artist>

	<artist>
		<last>Hosotani</last>
		<first>Mush</first>
		<muny>371764423</muny>
		<muny_meta new="no">Blues acoustic guitar</muny_meta>
	</artist>

	<artist>
		<last>HOUSE of WATERS</last>
		<first></first>
		<muny></muny>
		<muny_meta new="yes">World music led by hammered dulcimer</muny_meta>
	</artist>

	<artist>
		<last>Howard</last>
		<first>John</first>
		<posters>1991:-2084735608</posters>
	</artist>

	<artist>
		<last>Huggins</last>
		<first>Colin</first>
		<muny></muny>
		<muny_meta new="no">"Ole time Rock &amp; Roll"</muny_meta>
	</artist>

	<artist>
		<last>Hughto</last>
		<first>Margie</first>
		<permart>nyct:W:1:14</permart>
	</artist>

	<artist>
		<last>HUGO</last>
		<first></first>
		<muny>-630225700</muny>
		<muny_meta new="no">harpist, performer, and composer</muny_meta>
	</artist>

	<artist>
		<last>Huibregtse</last>
		<first>Anne</first>
		<permart>mnr:harlemline:1:10</permart>
	</artist>

	<artist>
		<last>Ingui</last>
		<first>Michael</first>
		<permart>nyct:L:1:1</permart>
	</artist>

	<artist>
		<last>Jackson</last>
		<first>Jami</first>
		<muny></muny>
		<muny_meta new="no">R&amp;B singer</muny_meta>
	</artist>

	<artist>
		<last>Jackson-Jarvis</last>
		<first>Martha</first>
		<permart>mnr:harlemline:1:2</permart>
	</artist>

	<artist>
		<last>JAHSTIX</last>
		<first></first>
		<muny></muny>
		<muny_meta new="no">Acoustic Roots Reggae</muny_meta>
	</artist>

	<artist>
		<last>Jakobsen</last>
		<first>Kathy</first>
		<posters>2004:-1740338153</posters>
	</artist>

	<artist>
		<last>Janney</last>
		<first>Christopher</first>
		<permart>nyct:W:2:7</permart>
	</artist>

	<artist>
		<last>Jaudon</last>
		<first>Valerie</first>
		<permart>nyct:6:1:14</permart>
	</artist>

	<artist>
		<last>JOHNNY SHEPPARD &amp; BILLY SWING</last>
		<first></first>
		<muny></muny>
		<muny_meta new="yes">Country swing band</muny_meta>
	</artist>

	<artist>
		<last>Johnson</last>
		<first>Stephen</first>
		<permart>nyct:Q:1:7</permart>
	</artist>

	<artist>
		<last>Johnson</last>
		<first>Stephen</first>
		<posters>1997:509391162</posters>
	</artist>

	<artist>
		<last>Johnson</last>
		<first>Wally</first>
		<muny></muny>
		<muny_meta new="no">Accordion</muny_meta>
	</artist>
	
	<artist>
		<last>Josiah</last>
		<first>Moses</first>
		<muny></muny>
		<muny_meta new="no">Musical saw</muny_meta>
	</artist>

	<artist>
		<last>Juarez</last>
		<first>Roberto</first>
		<permart>mnr:grandcentralterminal:2:1</permart>
	</artist>

	<artist>
		<last>KAIKU</last>
		<first></first>
		<muny></muny>
		<muny_meta new="no">Finnish A Capella</muny_meta>
	</artist>

	<artist>
		<last>Kang</last>
		<first>Ik-Joong</first>
		<permart>nyct:7:1:1</permart>
	</artist>

	<artist>
		<last>Kang</last>
		<first>Ik-Joong</first>
		<posters>1998:892450051</posters>
	</artist>

	<artist>
		<last>keeshea</last>
		<first></first>
		<muny>4717171</muny>
		<muny_meta new="no">Jazz &amp; pop saxophone</muny_meta>
	</artist>

	<artist>
		<last>Key</last>
		<first>Eugene</first>
		<muny></muny>
		<muny_meta new="no">Pop guitar &amp; vocals</muny_meta>
	</artist>

	<artist>
		<last>Kim</last>
		<first>Jung Hyang</first>
		<permart>nyct:J:1:3</permart>
	</artist>

	<artist>
		<last>Kirk</last>
		<first>Daniel</first>
		<posters>2000:-1788960618</posters>
	</artist>

	<artist>
		<last>KOSSAN</last>
		<first></first>
		<muny></muny>
		<muny_meta new="no">Sanshin player</muny_meta>
	</artist>

	<artist>
		<last>Kozik</last>
		<first>K K</first>
		<permart>nyct:A:1:14</permart>
	</artist>

	<artist>
		<last>Kozina</last>
		<first>Olga</first>
		<muny></muny>
		<muny_meta new="no">Classical flute</muny_meta>
	</artist>

	<artist>
		<last>Kragh-Muller</last>
		<first>Neffe</first>
		<muny>593616338</muny>
		<muny_meta new="no">Jazz singer</muny_meta>
	</artist>

	<artist>
		<last>Krondl</last>
		<first>Michael</first>
		<permart>nyct:F:1:7</permart>
	</artist>

	<artist>
		<last>Krondl</last>
		<first>Michael</first>
		<posters>1995:-1211920504</posters>
	</artist>

	<artist>
		<last>Kubo</last>
		<first>Shogo</first>
		<muny>-1246896265</muny>
		<muny_meta new="no">Classical guitar</muny_meta>
	</artist>

	<artist>
		<last>Kunce</last>
		<first>Samm</first>
		<permart>nyct:V:1:8</permart>
	</artist>

	<artist>
		<last>Kundas</last>
		<first>Leo</first>
		<posters>2001:-208203580</posters>
	</artist>

	<artist>
		<last>Kushner</last>
		<first>Robert</first>
		<permart>nyct:6:1:8</permart>
	</artist>

	<artist>
		<last>La STRADA</last>
		<first></first>
		<muny></muny>
		<muny_meta new="no">Orchestral Indie-folk ensemble</muny_meta>
	</artist>

	<artist>
		<last>Lance</last>
		<first>J.W.</first>
		<muny></muny>
		<muny_meta new="no">Country-western singer</muny_meta>
	</artist>

	<artist>
		<last>Lanzetta</last>
		<first>Margaret </first>
		<permart>nyct:J:1:4</permart>
	</artist>

	<artist>
		<last>LaRoc</last>
		<first>Lorenzo</first>
		<muny></muny>
		<muny_meta new="no">Electric violin</muny_meta>
	</artist>

	<artist>
		<last>LATHAN'S WAY</last>
		<first></first>
		<muny>940724161</muny>
		<muny_meta new="yes">Jazz, neo-soul, pop vocal quartet</muny_meta>
	</artist>

	<artist>
		<last>Lawrence</last>
		<first>Jacob</first>
		<permart>nyct:P:4:2</permart>
	</artist>

	<artist>
		<last>Lechien</last>
		<first>Philippe</first>
		<artcard>2008</artcard>
	</artist>

	<artist>
		<last>Lee</last>
		<first>Bing</first>
		<permart>nyct:J:1:19</permart>
	</artist>

	<artist>
		<last>LEFT ON RED</last>
		<first></first>
		<muny>171618504</muny>
		<muny_meta new="no">Jazz violin and guitar</muny_meta>
	</artist>

	<artist>
		<last>Leicester</last>
		<first>Andrew</first>
		<permart>lirr:pennstation:1:1</permart>
	</artist>

	<artist>
		<last>LeWitt</last>
		<first>Sol</first>
		<permart>nyct:C:1:3</permart>
	</artist>

	<artist>
		<last>Lichtenstein</last>
		<first>Roy</first>
		<permart>nyct:P:1:2</permart>
	</artist>

	<artist>
		<last>Lin</last>
		<first>Maya</first>
		<permart>lirr:pennstation:2:1</permart>
	</artist>

	<artist>
		<last>Lindsey</last>
		<first>Arlethia</first>
		<muny></muny>
		<muny_meta new="no">Gospel vocalist</muny_meta>
	</artist>

	<artist>
		<last>Lipski</last>
		<first>Donald</first>
		<permart>mnr:grandcentralterminal:3:1</permart>
	</artist>

	<artist>	
		<last>LITTLE BILLY'S ENTERTAINMENT, INC.</last>
		<first></first>
		<muny></muny>
		<muny_meta new="no">Drumming ensemble</muny_meta>
	</artist>

	<artist>
		<last>Little Michael Jackson</last>
		<first></first>
		<muny></muny>
		<muny_meta new="no">Dance</muny_meta>
	</artist>

	<artist>
		<last>Lockwood</last>
		<first>Jeremiah</first>
		<muny>464898430</muny>
		<muny_meta new="no">American traditional guitar &amp; vocals</muny_meta>
	</artist>

	<artist>
		<last>Louis Lattin</last>
		<first>Irving</first>
		<muny></muny>
		<muny_meta new="no">Blues guitar &amp; vocals</muny_meta>
	</artist>

	<artist>
		<last>Lovell</last>
		<first>Whitfield</first>
		<posters>1991:891857240</posters>
	</artist>

	<artist>
		<last>Loving</last>
		<first>Al</first>
		<permart>nyct:J:1:8</permart>
	</artist>

	<artist>
		<last>Low</last>
		<first>William</first>
		<posters>2007:2001266013</posters>
	</artist>

	<artist>
		<last>Lvoff</last>
		<first>Sophie T.</first>
		<lightbox>3</lightbox>
	</artist>

	<artist>
		<last>Lyon</last>
		<first>Nancy</first>
		<muny></muny>
		<muny_meta new="no">"Living Doll", mimes</muny_meta>
	</artist>

	<artist>
		<last>MADE OVER</last>
		<first></first>
		<muny>102652603</muny>
		<muny_meta new="yes">A capella trio, gospel &amp; inspirational</muny_meta>
	</artist>

	<artist>
		<last>Malone</last>
		<first>Corrine</first>
		<muny></muny>
		<muny_meta new="no">Gospel guitar &amp; vocals</muny_meta>
	</artist>

	<artist>
		<last>MAMALAMA</last>
		<first></first>
		<muny>943759605</muny>
		<muny_meta new="yes">Celtic harp, ballafone, violin &amp; vocals</muny_meta>
	</artist>

	<artist>
		<last>Dayila</last>
		<first>Manze</first>
		<muny>721530649</muny>
		<muny_meta new="no">Haitian folk singer</muny_meta>
	</artist>

	<artist>
		<last>Margulies</last>
		<first>Samantha</first>
		<muny></muny>
		<muny_meta new="yes">Opera and broadway singer</muny_meta>
	</artist>

	<artist>
		<last>Marsh</last>
		<first>Frederick Dana</first>
		<permart>nyct:J:2:21</permart>
	</artist>

	<artist>
		<last>Martin and Paloma Mu&ntilde;oz</last>
		<first>Walter</first>
		<permart>nyct:E:1:14</permart>
	</artist>

	<artist>
		<last>Martorell</last>
		<first>Antonio</first>
		<posters>1996:-458031418</posters>
	</artist>

	<artist>
		<last>Mason, Jr.</last>
		<first>Eulis</first>
		<muny></muny>
		<muny_meta new="no">Doo-wop &amp; pop vocalist</muny_meta>
	</artist>

	<artist>
		<last>Massey</last>
		<first>Zane</first>
		<muny></muny>
		<muny_meta new="no">Jazz group</muny_meta>
	</artist>

	<artist>
		<last>MAXIDEKALU</last>
		<first></first>
		<muny></muny>
		<muny_meta new="yes">African music ensemble</muny_meta>
	</artist>

	<artist>
		<last>Maynard</last>
		<first>Valerie</first>
		<permart>nyct:6:2:2</permart>
	</artist>

	<artist>
		<last>McCarthy</last>
		<first>Kathleen</first>
		<permart>nyct:J:1:2</permart>
	</artist>

	<artist>
		<last>McCaul</last>
		<first>Sean</first>
		<muny></muny>
		<muny_meta new="no">Vibraphonist</muny_meta>
	</artist>

	<artist>
		<last>McGowin</last>
		<first>Ed</first>
		<permart>lirr:portwashingtonbranch:1:2</permart>
	</artist>

	<artist>
		<last>McGrath</last>
		<first>Bob</first>
		<muny></muny>
		<muny_meta new="no">Guitar &amp; vocals</muny_meta>
	</artist>

	<artist>
		<last>McMacken</last>
		<first>David B.</first>
		<posters>2008:-1544396546</posters>
	</artist>

	<artist>
		<last>MECCA BODEGA</last>
		<first></first>
		<muny>-872718486</muny>
		<muny_meta new="no">Hammer dulcimer &amp; drums</muny_meta>
	</artist>

	<artist>
		<last>Meisler</last>
		<first>Meryl</first>
		<posters>2001:198591139</posters>
	</artist>

	<artist>
		<last>MIKANIC</last>
		<first></first>
		<muny>-654424759</muny>
		<muny_meta new="no">Afro jazz trio</muny_meta>
	</artist>

	<artist>
		<last>Milton</last>
		<first>Darryl</first>
		<muny>-62841299</muny>
		<muny_meta new="no">Singer &amp; guitar</muny_meta>
	</artist>

	<artist>
		<last>Miss</last>
		<first>Mary</first>
		<permart>nyct:W:1:10</permart>
	</artist>

	<artist>
		<last>Mittola</last>
		<first>Milo</first>
		<posters>1997:989886773</posters>
	</artist>

	<artist>
		<last>Mock</last>
		<first>Kathleen</first>
		<muny>-1627303083</muny>
		<muny_meta new="no">Singer, songwriter &amp; guitar</muny_meta>
	</artist>

	<artist>
		<last>Montaperto</last>
		<first>Michael</first>
		<muny></muny>
		<muny_meta new="no">Classical guitar</muny_meta>
	</artist>

	<artist>
		<last>Moore</last>
		<first>Andrew</first>
		<posters>1996:1159547361</posters>
	</artist>

	<artist>
		<last>MOTHER TONGUE</last>
		<first></first>
		<muny>1634248141</muny>
		<muny_meta new="no">"Musical Sisterhood"</muny_meta>
	</artist>

	<artist>
		<last>MOVIMIENTO</last>
		<first></first>
		<muny></muny>
		<muny_meta new="no">Latin fusion group</muny_meta>
	</artist>

	<artist>
		<last>Muller</last>
		<first>Mario M.</first>
		<permart>nyct:4:1:4</permart>
	</artist>

	<artist>
		<last>Mullican</last>
		<first>Matt</first>
		<permart>nyct:E:1:8</permart>
	</artist>

	<artist>
		<last>Munk</last>
		<first>Loren</first>
		<posters>1993:-1932553676</posters>
	</artist>

	<artist>
		<last>Murray</last>
		<first>Elizabeth</first>
		<permart>nyct:W:1:3</permart>
	</artist>

	<artist>
		<last>Murray</last>
		<first>Elizabeth</first>
		<permart>nyct:V:1:4</permart>
	</artist>

	<artist>
		<last>Nadel</last>
		<first>Jeremy</first>
		<posters>1999:-903603372</posters>
	</artist>

	<artist>
		<last>Nascimbene</last>
		<first>Yan</first>
		<posters>2008:619783170</posters>
	</artist>

	<artist>
		<last>Neuhaus</last>
		<first>Max</first>
		<permart>nyct:P:1:3</permart>
	</artist>

	<artist>
		<last>NU MILLENIUM</last>
		<first></first>
		<muny>-1590477524</muny>
		<muny_meta new="no">Doo-wop</muny_meta>
	</artist>

	<artist>
		<last>NEW PERSPECTIVES</last>
		<first></first>
		<muny>-1183780103</muny>
		<muny_meta new="no">Jazz group</muny_meta>
	</artist>

	<artist>
		<last>NEXTTRIBE</last>
		<first></first>
		<muny>881036772</muny>
		<muny_meta new="no">World music duo</muny_meta>
	</artist>

	<artist>
		<last>NEW YORK EXPRESS</last>
		<first></first>
		<muny>1384420903</muny>
		<muny_meta new="no">Jazz group</muny_meta>
	</artist>

	<artist>
		<last>Nicholson</last>
		<first>Roy</first>
		<permart>f:portjeffersonbranch:1:2</permart>
	</artist>

	<artist>
		<last>NICOLA</last>
		<first></first>
		<muny>-1990754794</muny>
		<muny_meta new="no">Soulful pop &amp; rock</muny_meta>
	</artist>

	<artist>
		<last>Noda</last>
		<first>Takayo</first>
		<permart>nyct:L:1:4</permart>
	</artist>

	<artist>
		<last>Norvell</last>
		<first>Patsy</first>
		<permart>nyct:Q:1:11</permart>
	</artist>

	<artist>
		<last>Nussbaum</last>
		<first>Tom</first>
		<permart>mnr:harlemline:1:7</permart>
	</artist>
	
	<artist>
		<last>NYC FLOAT COMMITTEE</last>
		<first></first>
		<muny></muny>
		<muny_meta new="no">Break dancers</muny_meta>
	</artist>
	
	<artist>
		<last>Oatman</last>
		<first>Michael</first>
		<posters>2005:1743140841</posters>
	</artist>

	<artist>
		<last>Olt</last>
		<first>Frank</first>
		<permart>nyct:V:2:4</permart>
	</artist>

	<artist>
		<last>OPERA COLLECTIVE</last>
		<first></first>
		<muny>-242812666</muny>
		<muny_meta new="no">"Making opera accessible"</muny_meta>
	</artist>

	<artist>
		<last>Oppenheim</last>
		<first>Dennis</first>
		<permart>mnr:hudsonline:1:2</permart>
	</artist>

	<artist>
		<last>ORIENT WIND</last>
		<first></first>
		<muny></muny>
		<muny_meta new="no">Chinese music</muny_meta>
	</artist>

	<artist>
		<last>Ortega</last>
		<first>Jos&eacute;</first>
		<permart>nyct:5:1:17</permart>
	</artist>

	<artist>
		<last>Ortega</last>
		<first>Jose</first>
		<posters>2000:-745760146</posters>
	</artist>

	<artist>
		<last>Ortiz</last>
		<first>Jose</first>
		<permart>nyct:4:1:6</permart>
	</artist>

	<artist>
		<last>Otterness</last>
		<first>Tom</first>
		<permart>nyct:L:1:9</permart>
	</artist>

	<artist>
		<last>Pak</last>
		<first>Vongku</first>
		<muny>897258900</muny>
		<muny_meta new="no">Korean drum dancer</muny_meta>
	</artist>

	<artist>
		<last>Natalia 'Saw Lady' Paruz</last>
		<first></first>
		<muny>-934936289</muny>
		<muny_meta new="no">Musical saw</muny_meta>
	</artist>

	<artist>
		<last>PATRICK WOLFF TRIO</last>
		<first></first>
		<muny>1046560307</muny>
		<muny_meta new="no">Jazz group</muny_meta>
	</artist>

	<artist>
		<last>Patti</last>
		<first>Tom</first>
		<permart>nyct:V:1:2</permart>
	</artist>

	<artist>
		<last>Paul</last>
		<first>Peter J.</first>
		<muny></muny>
		<muny_meta new="no">"One-man band"</muny_meta>
	</artist>

	<artist>
		<last>Pearson</last>
		<first>Nicholas</first>
		<permart>nyct:W:3:7</permart>
	</artist>

	<artist>
		<last>PERS</last>
		<first></first>
		<muny></muny>
		<muny_meta new="no">Doo-wop Group</muny_meta>
	</artist>

	<artist>
		<last>Picarazzi</last>
		<first>Frank</first>
		<muny></muny>
		<muny_meta new="no">Vibraphone</muny_meta>
	</artist>

	<artist>
		<last>Pidvirny</last>
		<first>Marian</first>
		<muny></muny>
		<muny_meta new="no">Violin</muny_meta>
	</artist>

	<artist>
		<last>Porter</last>
		<first>Liliana</first>
		<permart>nyct:1:1:10</permart>
	</artist>

	<artist>
		<last>PRETTY GOOD</last>
		<first></first>
		<muny>-950871191</muny>
		<muny_meta new="no">Acoustic guitar duo</muny_meta>
	</artist>

	<artist>
		<last>Provan</last>
		<first>David</first>
		<permart>nyct:W:4:7</permart>
	</artist>

	<artist>
		<last>Pryor</last>
		<first>Eric</first>
		<permart>nyct:S:1:1</permart>
	</artist>

	<artist>
		<last>Qi</last>
		<first>Tao</first>
		<muny></muny>
		<muny_meta new="no">Opera singer</muny_meta>
	</artist>

	<artist>
		<last>Quiles</last>
		<first>Leonard</first>
		<posters>2006:897356956</posters>
	</artist>

	<artist>
		<last>Radu</last>
		<first>Ilie</first>
		<muny></muny>
		<muny_meta new="no">Accordian</muny_meta>
	</artist>

	<artist>
		<last>Rae</last>
		<first>Suki</first>
		<muny>-783815427</muny>
		<muny_meta new="no">flutist/singer</muny_meta>
	</artist>

	<artist>
		<last>RAICES</last>
		<first></first>
		<muny></muny>
		<muny_meta new="no">Andean group</muny_meta>
	</artist>

	<artist>
		<last>RED MOLLY</last>
		<first></first>
		<muny>948509339</muny>
		<muny_meta new="no">American roots string trio</muny_meta>
	</artist>

	<artist>
		<last>Redden</last>
		<first>Scott</first>
		<permart>nyct:J:1:7</permart>
	</artist>

	<artist>
		<last>RENAISSANCE STREET SINGERS</last>
		<first></first>
		<muny>1566283594</muny>
		<muny_meta new="no">Early sacred music</muny_meta>
	</artist>

	<artist>
		<last>Ridley</last>
		<first>Alice Tan</first>
		<muny></muny>
		<muny_meta new="no">R&amp;B &amp; pop vocalist</muny_meta>
	</artist>

	<artist>
		<last>Ring</last>
		<first>Ray</first>
		<permart>nyct:3:1:12</permart>
	</artist>

	<artist>
		<last>Ringgold</last>
		<first>Faith</first>
		<permart>nyct:3:1:2</permart>
	</artist>

	<artist>
		<last>Robinson</last>
		<first>Chris Wade</first>
		<permart>nyct:J:1:11</permart>
	</artist>

	<artist>
		<last>Rogan</last>
		<first>Billy</first>
		<muny></muny>
		<muny_meta new="no">Finger-style tap guitarist</muny_meta>
	</artist>

	<artist>
		<last>Ros</last>
		<first>Moses</first>
		<permart>nyct:4:1:5</permart>
	</artist>

	<artist>
		<last>Roseman</last>
		<first>Harry</first>
		<permart>nyct:3:1:11</permart>
	</artist>

	<artist>
		<last>Rosser</last>
		<first>Kip</first>
		<muny></muny>
		<muny_meta new="no">Theremin player</muny_meta>
	</artist>

	<artist>
		<last>Roth</last>
		<first>Glenn</first>
		<muny>200393136</muny>
		<muny_meta new="no">Acoustic fingerstyle guitar</muny_meta>
	</artist>

	<artist>
		<last>Rothman</last>
		<first>Julia</first>
		<posters>2009:477367468</posters>
	</artist>

	<artist>
		<last>Ruiz</last>
		<first>William</first>
		<muny>378927682</muny>
		<muny_meta new="no">Tiano Indian log drum</muny_meta>
	</artist>

	<artist>
		<last>Ruse</last>
		<first>Travis</first>
		<lightbox>1</lightbox>
	</artist>

	<artist>
		<last>Ruse</last>
		<first>Travis</first>
		<lightbox>4</lightbox>
	</artist>

	<artist>
		<last>Rush</last>
		<first>Lawrence</first>
		<muny>1426158033</muny>
		<muny_meta new="no">Pop &amp; Doo-wop</muny_meta>
	</artist>

	<artist>
		<last>Ryan</last>
		<first>Luke</first>
		<muny>-846439085</muny>
		<muny_meta new="no">Guitar &amp; vocals</muny_meta>
	</artist>

	<artist>
		<last>Saar</last>
		<first>Alison</first>
		<permart>mnr:harlemline:1:1</permart>
	</artist>

	<artist>
		<last>S&aacute;nchez</last>
		<first>Juan</first>
		<permart>nyct:4:1:8</permart>
	</artist>

	<artist>
		<last>S&aacute;nchez</last>
		<first>Juan</first>
		<posters>1994:1575595787</posters>
	</artist>

	<artist>
		<last>SAMBANDITOS</last>
		<first></first>
		<muny></muny>
		<muny_meta new="no">Brazilian drum group</muny_meta>
	</artist>

	<artist>
		<last>Saunders</last>
		<first>David</first>
		<permart>lirr:portwashingtonbranch:1:3</permart>
	</artist>

	<artist>
		<last>Sayvetz</last>
		<first>Wendy</first>
		<muny>1139843150</muny>
		<muny_meta new="no">Folk singer</muny_meta>
	</artist>

	<artist>
		<last>Scharf</last>
		<first>Josh</first>
		<permart>nyct:W:1:4</permart>
	</artist>

	<artist>
		<last>Schaumburger</last>
		<first>Ann</first>
		<permart>nyct:W:1:2</permart>
	</artist>

	<artist>
		<last>Schaumburger</last>
		<first>Ann</first>
		<posters>1996:1825298892</posters>
	</artist>

	<artist>
		<last>Scout</last>
		<first></first>
		<muny>-693522848</muny>
		<muny_meta new="no">R&amp;B and popular vocalist</muny_meta>
	</artist>

	<artist>
		<last>Shin</last>
		<first>Jean</first>
		<permart>lirr:portwashingtonbranch:1:1</permart>
	</artist>

	<artist>
		<last>Shulman</last>
		<first>Michael</first>
		<muny>-1109931859</muny>
		<muny_meta new="no">Electric violin</muny_meta>
	</artist>

	<artist>
		<last>SIDETRACK</last>
		<first></first>
		<muny></muny>
		<muny_meta new="no">Harmony and dance moves</muny_meta>
	</artist>

	<artist>
		<last>Silber</last>
		<first>Eve</first>
		<muny>869799617</muny>
		<muny_meta new="no">Jazz singer and guitarist</muny_meta>
	</artist>

	<artist>
		<last>Sizensky</last>
		<first>Brian</first>
		<muny></muny>
		<muny_meta new="yes">Folk-rock singer songwriter</muny_meta>
	</artist>

	<artist>
		<last>Slater</last>
		<first>Tyrone</first>
		<muny></muny>
		<muny_meta new="no">Congas</muny_meta>
	</artist>

	<artist>
		<last>Segal</last>
		<first>Barbara</first>
		<permart>mnr:hudsonline:1:3</permart>
	</artist>

	<artist>
		<last>Sera</last>
		<first>Assunta</first>
		<posters>1999:-187739927</posters>
	</artist>

	<artist>
		<last>Shabaka</last>
		<first>Isha</first>
		<permart>nyct:S:1:2</permart>
	</artist>

	<artist>
		<last>Sherman</last>
		<first>Oren</first>
		<posters>2007:1808480047</posters>
	</artist>

	<artist>
		<last>Shulman</last>
		<first>Michael</first>
		<muny>-1109931859</muny>
	</artist>

	<artist>
		<last>Sinclair</last>
		<first>Dan</first>
		<permart>nyct:P:2:1</permart>
	</artist>

	<artist>
		<last>Sis</last>
		<first>Peter</first>
		<artcard>2001</artcard>
		<permart>nyct:6:1:7</permart>
	</artist>

	<artist>
		<last>Sis</last>
		<first>Peter</first>
		<posters>1997:-1790144870</posters>
	</artist>

	<artist>
		<last>Smith</last>
		<first>Owen</first>
		<artcard>2000</artcard>
		<permart>nyct:R:1:21</permart>
	</artist>

	<artist>
		<last>Smith</last>
		<first>Owen</first>
		<posters>1999:-680291668</posters>
	</artist>

	<artist>
		<last>Smith</last>
		<first>Vincent</first>
		<permart>nyct:3:1:3</permart>
	</artist>

	<artist>
		<last>Snead</last>
		<first>Ben</first>
		<permart>nyct:A:1:11</permart>
	</artist>

	<artist>
		<last>Snell</last>
		<first>Timothy</first>
		<permart>nyct:W:1:11</permart>
	</artist>

	<artist>
		<last>Snyder</last>
		<first>Tova</first>
		<permart>mnr:newhavenline:1:3</permart>
	</artist>

	<artist>
		<last>SOL'SAX</last>
		<first></first>
		<permart>nyct:J:1:10</permart>
	</artist>

	<artist>
		<last>Sonfist</last>
		<first>Alan</first>
		<permart>lirr:babylonbranch:1:3</permart>
	</artist>

	<artist>
		<last>SONORA SONERA</last>
		<first></first>
		<muny></muny>
		<muny_meta new="no">Meringue &amp; Latin jazz trio</muny_meta>
	</artist>

	<artist>
		<last>SOUNDS OF KYUSHU</last>
		<first></first>
		<muny></muny>
		<muny_meta new="no">Jazz duo</muny_meta>
	</artist>

	<artist>
		<last>SOUNDS OF STEEL</last>
		<first></first>
		<muny></muny>
		<muny_meta new="no">Steel drums</muny_meta>
	</artist>

	<artist>
		<last>SPANK</last>
		<first></first>
		<muny>-1163543180</muny>
		<muny_meta new="no">"Nu-wop", Doo-wop</muny_meta>
	</artist>

	<artist>
		<last>Spencer</last>
		<first>Dorian</first>
		<muny>-498556141</muny>
		<muny_meta new="no">Guitar and vocals</muny_meta>
	</artist>

	<artist>
		<last>Spero</last>
		<first>Nancy</first>
		<permart>nyct:1:1:8</permart>
	</artist>

	<artist>
		<last>Spitz</last>
		<first>Debbie</first>
		<muny></muny>
		<muny_meta new="no">Jazz flute</muny_meta>
	</artist>

	<artist>
		<last>MR. SPOONS</last>
		<first></first>
		<muny></muny>
		<muny_meta new="no">Spoon player</muny_meta>
	</artist>

	<artist>
		<last>Spodek</last>
		<first>Joshua</first>
		<lightbox>5</lightbox>
	</artist>

	<artist>
		<last>Sproat</last>
		<first>Christopher</first>
		<permart>nyct:P:3:1</permart>
	</artist>

	<artist>
		<last>Stanga</last>
		<first>Carlo</first>
		<posters>2008:1831336776</posters>
	</artist>

	<artist>
		<last>Stanga</last>
		<first>Carlo</first>
		<posters>2008:669833658</posters>
	</artist>

	<artist>
		<last>Starn</last>
	      <first>Doug &amp; Mike</first>
		<permart>nyct:1:1:17</permart>
	</artist>

	<artist>
		<last>Starr</last>
		<first>Ray</first>
		<muny>-1210327106</muny>
		<muny_meta new="no">Country singer</muny_meta>
	</artist>

	<artist>
		<last>Stevens</last>
		<first>Dan</first>
		<muny>2081033114</muny>
		<muny_meta new="no">Finger-style acoustic blues guitarist</muny_meta>
	</artist>

	<artist>
		<last>STREET MUSICAL CLUB</last>
		<first></first>
		<muny></muny>
		<muny_meta new="no">Chinese classical ensemble</muny_meta>
	</artist>

	<artist>
		<last>Suquillo</last>
		<first>Giovanni</first>
		<muny>-500058188</muny>
		<muny_meta new="no">Fusion guitar</muny_meta>
	</artist>

	<artist>
		<last>Sun</last>
		<first>Carol</first>
		<permart>nyct:4:1:11</permart>
	</artist>

	<artist>
		<last>Sun</last>
		<first>Carol</first>
		<posters>1993:-619563699</posters>
	</artist>

	<artist>
		<last>Suso</last>
		<first>Mohamadu Salieu</first>
		<muny></muny>
		<muny_meta new="no">West African kora</muny_meta>
	</artist>

	<artist>
		<last>Swafford</last>
		<first>Tom</first>
		<muny>1217265932</muny>
		<muny_meta new="yes">Eclectic acoustic violin</muny_meta>
	</artist>

	<artist>
		<last>Taplin</last>
		<first>Robert</first>
		<permart>mnr:hudsonline:1:6</permart>
	</artist>

	<artist>
		<last>Tardio</last>
		<first>Delfin</first>
		<muny></muny>
		<muny_meta new="no">Reggae guitar</muny_meta>
	</artist>

	<artist>
		<last>Tauler</last>
		<first>Pablo</first>
		<permart>nyct:V:1:1</permart>
	</artist>

	<artist>
		<last>Taylor</last>
		<first>Annette</first>
		<muny></muny>
		<muny_meta new="no">Soul vocalist</muny_meta>
	</artist>

	<artist>
		<last>Taylor</last>
		<first>Joe</first>
		<muny></muny>
		<muny_meta new="no">Pop/rock singer songwriter</muny_meta>
	</artist>

	<artist>
		<last>Taylor</last>
		<first>Joy</first>
		<permart>mnr:newhavenline:1:2</permart>
	</artist>

	<artist>
		<last>Taylor</last>
		<first>Maggie</first>
		<posters>1999:-1568339871</posters>
	</artist>

	<artist>
		<last>Tchin</last>
		<first></first>
		<muny></muny>
		<muny_meta new="yes">Native American nose flute</muny_meta>
	</artist>

	<artist>
		<last>Thacher</last>
		<first>Anita</first>
		<permart>lirr:ronkonkomabranch:1:4</permart>
	</artist>

	<artist>
		<last>THE CROWD</last>
		<first></first>
		<muny></muny>
		<muny_meta new="yes">Beat-box guitar, singer and poet</muny_meta>
	</artist>

	<artist>
		<last>THE LOST CHORD</last>
		<first></first>
		<muny></muny>
		<muny_meta new="yes">20's and 30's traditional jazz</muny_meta>
	</artist>

	<artist>
		<last>THOTH</last>
		<first></first>
		<muny>-1097688961</muny>
		<muny_meta new="no">vocal, violin and foot percussion</muny_meta>
	</artist>

	<artist>
		<last>TIN PAN BLUES BAND</last>
		<first></first>
		<muny>-414988621</muny>
		<muny_meta new="no">Old style New Orleans jazz &amp; blues band</muny_meta>
	</artist>

	<artist>
		<last>Todd</last>
		<first>Mark</first>
		<posters>2002:315307533</posters>
	</artist>

	<artist>
		<last>TOLI &amp; THE FEMM NAMELESS</last>
		<first></first>
		<muny>-655688094</muny>
		<muny_meta new="no">"Afro one-world beat" ensemble</muny_meta>
		<muny_extra>SPECIAL &amp; LIMITED - Group &amp; volume concerns</muny_extra>
	</artist>

	<artist>
		<last>Tormela</last>
		<first>Anne</first>
		<muny></muny>
		<muny_meta new="no">Opera singer</muny_meta>
	</artist>

	<artist>
		<last>Tounkara</last>
		<first>Balla</first>
		<muny></muny>
		<muny_meta new="no">Malian kora player</muny_meta>
	</artist>

	<artist>
		<last>Trakas</last>
		<first>George</first>
		<permart>nyct:R:1:19</permart>
	</artist>

	<artist>
		<last>TRIO COSMOLITE</last>
		<first></first>
		<muny></muny>
		<muny_meta new="yes">Classical music string trio</muny_meta>
	</artist>

	<artist>
		<last>Tsersarskaya</last>
		<first>Marina</first>
		<permart>nyct:5:1:15</permart>
	</artist>

	<artist>
		<last>Tufi&ntilde;o</last>
		<first>Nitza</first>
		<permart>nyct:1:1:6</permart>
	</artist>

	<artist>
		<last>Tufi&ntilde;o</last>
		<first>Nitza</first>
		<permart>nyct:6:1:5</permart>
	</artist>

	<artist>
		<last>Tung</last>
		<first>Eugenie</first>
		<permart>nyct:L:1:2</permart>
	</artist>

	<artist>
		<last>Tunick</last>
		<first>Susan</first>
		<permart>nyct:S:1:4</permart>
	</artist>

	<artist>
		<last>TWO MAN GENTLEMEN BAND</last>
		<first></first>
		<muny>1973778521</muny>
		<muny_meta new="no">Fast-paced Old-time Country quartet</muny_meta>
	</artist>

	<artist>
		<last>The UKULADIES</last>
		<first></first>
		<muny></muny>
		<muny_meta new="no">Ukuleles, saw &amp; tap "sister act"</muny_meta>
	</artist>

	<artist>
		<last>Valdez</last>
		<first>Julio</first>
		<posters>2003:-623385122</posters>
	</artist>

	<artist>
		<last>van Dalen</last>
		<first>Anton</first>
		<permart>nyct:5:1:25</permart>
	</artist>

	<artist>
		<last>van Lent</last>
		<first>Marianne</first>
		<posters>1995:583275949</posters>
	</artist>

	<artist>
		<last>Vega</last>
		<first>Manuel</first>
		<permart>nyct:6:1:4</permart>
	</artist>

	<artist>
		<last>WALKABOUT CLEARWATER CHORUS</last>
		<first></first>
		<muny>1293936208</muny>
		<muny_meta new="no">Chorus</muny_meta>
	</artist>

	<artist>
		<last>Walls</last>
		<first>Tony</first>
		<muny></muny>
		<muny_meta new="no">"Pots &amp; Pans"</muny_meta>
	</artist>

	<artist>
		<last>Weiner</last>
		<first>Josh</first>
		<muny></muny>
		<muny_meta new="no">Juggler</muny_meta>
	</artist>

	<artist>
		<last>Wengler</last>
		<first>Amos</first>
		<muny>1150823822</muny>
		<muny_meta new="no">"Coney Island Songwriter"</muny_meta>
	</artist>

	<artist>
		<last>Wexler</last>
		<first>Allan and Ellen</first>
		<permart>lirr:portjeffersonbranch:1:1</permart>
	</artist>

	<artist>
		<last>Wigglesworth</last>
		<first>Emmett</first>
		<permart>nyct:R:1:20</permart>
	</artist>

	<artist>
		<last>Williams</last>
		<first>Michael Kelly</first>
		<permart>nyct:5:1:14</permart>
	</artist>

	<artist>
		<last>Williamson</last>
		<first>Philemona</first>
		<permart>nyct:L:1:3</permart>
	</artist>

	<artist>
		<last>Williamson</last>
		<first>Philemona</first>
		<posters>1994:47607979</posters>
	</artist>

	<artist>
		<last>Wilson</last>
		<first>David</first>
		<permart>nyct:Q:1:12</permart>
	</artist>

	<artist>
		<last>Wilson</last>
		<first>Robert</first>
		<permart>nyct:Q:1:17</permart>
	</artist>

	<artist>
		<last>Winters</last>
		<first>Stephanie</first>
		<muny></muny>
		<muny_meta new="yes">Jazz, classical and pop cello</muny_meta>
	</artist>

	<artist>
		<last>Witter, Jr.</last>
		<first>Don</first>
		<muny>353429340</muny>
		<muny_meta new="no">Classical &amp; Spanish guitar</muny_meta>
	</artist>

	<artist>
		<last>Wood</last>
		<first>Steve</first>
		<permart>nyct:1:1:4</permart>
	</artist>

	<artist>
		<last>Wynter</last>
		<first>Christopher</first>
		<permart>nyct:C:1:1</permart>
	</artist>

	<artist>
		<last>Yankowitz</last>
		<first>Nina</first>
		<permart>nyct:V:1:5</permart>
	</artist>

	<artist>
		<last>YAZ BAND</last>
		<first></first>
		<muny>-1604607041</muny>
		<muny_meta new="no">Jazz, funk &amp; R&amp;B band</muny_meta>
	</artist>

	<artist>
		<last>Yerman</last>
		<first>Marcia</first>
		<posters>1995:1359800427</posters>
	</artist>

	<artist>
		<last>Yoshiki</last>
		<first></first>
		<muny></muny>
		<muny_meta new="no">Jazz guitar</muny_meta>
	</artist>

	<artist>
		<last>XYLOPHOLKS</last>
		<first></first>
		<muny>1692154597</muny>
		<muny_meta new="yes">Xylophone group in costume</muny_meta>
	</artist>

	<artist>
		<last>Zak</last>
		<first>Yuriy</first>
		<muny></muny>
		<muny_meta new="no">Accordion</muny_meta>
	</artist>

	<artist>
		<last>Zeltner</last>
		<first>Tim</first>
		<artcard>2007</artcard>
	</artist>

	<artist>
		<last>Zheng</last>
		<first>Ming Jing</first>
		<muny></muny>
		<muny_meta new="no">Classical cello</muny_meta>
	</artist>

	<artist>
		<last>Zhmud</last>
		<first>Valery</first>
		<muny></muny>
		<muny_meta new="no">Gypsy &amp; classical violin</muny_meta>
	</artist>

	<artist>
		<last>Zucker</last>
		<first>Joe</first>
		<permart>lirr:portjeffersonbranch:1:3</permart>
	</artist>

	<artist>
		<last>Zweig and Edward del Rosario</last>
		<first>Janet</first>
		<permart>nyct:W:1:12</permart>
	</artist>

	<artist>
		<last>ZZC</last>
		<first></first>
		<muny></muny>
		<muny_meta new="no">Chinese erhu duo</muny_meta>
	</artist>


</roster>