<?xml version="1.0"?>
<backgrounds>

	<bg>
		<filename>Andrea Dezso, Bedford Park Boulevard-Lehman College.jpg</filename>
		<width>580</width>
		<height>312</height>
	    <artist>Andrea Dezs&ouml;, Bedford Park Boulevard-Lehman College Subway Station</artist>
		<desc></desc>
	</bg>

	<bg>
		<filename>Barbara Ellmann, Van Siclen Avenue.jpg</filename>
		<width>580</width>
		<height>312</height>
		<artist>Barbara Ellmann, Van Siclen Avenue Subway Station</artist>
		<desc></desc>
	</bg>

	<bg>
		<filename>Ben Snead, Jay Street-Borough Hall.jpg</filename>
		<width>580</width>
		<height>312</height>
		<artist>Ben Snead, Jay Street-Borough Hall Subway Station</artist>
		<desc></desc>
	</bg>

	<bg>
		<filename>Carson Fox, LIRR Seaford.jpg</filename>
		<width>580</width>
		<height>312</height>
		<artist>Carson Fox, LIRR Seaford Station</artist>
		<desc></desc>
	</bg>

	<bg>
		<filename>Corinne-Grondahl.jpg</filename>
		<width>580</width>
		<height>312</height>
		<artist>Corinne Grondahl, Mosholu Parkway Subway Station</artist>
		<desc></desc>
	</bg>

	<bg>
		<filename>Daniel Hauben, Freeman Street.jpg</filename>
		<width>580</width>
		<height>312</height>
		<artist>Daniel Hauben, Freeman Street Subway Station</artist>
		<desc></desc>
	</bg>

	<bg>
		<filename>Doug and Mike Starn, South Ferry.jpg</filename>
		<width>580</width>
		<height>312</height>
		<artist>Doug and Mike Starn, South Ferry Subway Station</artist>
		<desc></desc>
	</bg>

	<bg>
		<filename>Ellen Harvey, MNR Yankees-E 153rd Street.jpg</filename>
		<width>580</width>
		<height>312</height>
		<artist>Ellen Harvey, MNR Yankees-E 153rd Street Station</artist>
		<desc></desc>
	</bg>

	<bg>
		<filename>Jane Dickson, Times Square.jpg</filename>
		<width>580</width>
		<height>312</height>
		<artist>Jane Dickson, Times Square-42nd Street Subway Station</artist>
		<desc></desc>
	</bg>

	<bg>
		<filename>Jean-Shin.jpg</filename>
		<width>580</width>
		<height>312</height>
		<artist>Jean Shin, LIRR Broadway Station</artist>
		<desc></desc>
	</bg>

	<bg>
		<filename>Margaret Lanzetta, Norwood Avenue.jpg</filename>
		<width>580</width>
		<height>312</height>
		<artist>Margaret Lanzetta, Norwood Avenue Subway Station</artist>
		<desc></desc>
	</bg>

	<bg>
		<filename>Michael Ingui, E. 105th Street.jpg</filename>
		<width>580</width>
		<height>312</height>
		<artist>Michael Ingui, E. 105th Street Subway Station</artist>
		<desc></desc>
	</bg>

	<bg>
		<filename>Robert-Hickman.jpg</filename>
		<width>580</width>
		<height>312</height>
		<artist>Robert Hickman, 72nd Street Subway Station</artist>
		<desc></desc>
	</bg>

	<bg>
		<filename>Sol LeWitt, 59th Street-Columbus Circle.jpg</filename>
		<width>580</width>
		<height>312</height>
		<artist>Sol LeWitt, 59th Street-Columbus Circle Subway Station</artist>
		<desc></desc>
	</bg>

	<bg>
		<filename>SOL'SAX, Halsey Street.jpg</filename>
		<width>580</width>
		<height>312</height>
		<artist>SOL'SAX, Halsey Street Subway Station</artist>
		<desc></desc>
	</bg>

	<bg>
		<filename>Tomie Arai, Pelham Parkway.jpg</filename>
		<width>580</width>
		<height>312</height>
		<artist>Tomie Arai, Pelham Parkway Subway Station</artist>
		<desc></desc>
	</bg>

	<bg>
		<filename>cup.jpg</filename>
		<width>580</width>
		<height>312</height>
		<artist>Elizabeth Murray, Lexington Avenue-59th Street Subway Station</artist>
		<desc></desc>
	</bg>

	<bg>
		<filename>tree.jpg</filename>
		<width>580</width>
		<height>312</height>
		<artist>Donald Lipski, Grand Central Terminal Market</artist>
		<desc></desc>
	</bg>

	<bg>
		<filename>passage.jpg</filename>
		<width>580</width>
		<height>312</height>
		<artist>Andrew Leicester, Penn Station</artist>
		<desc></desc>
	</bg>

	<bg>
		<filename>scales.jpg</filename>
		<width>580</width>
		<height>312</height>
		<artist>Vito Acconci, West 8th Street-New York Aquarium Subway Station</artist>
		<desc></desc>
	</bg>

	<bg>
		<filename>NCopeland.jpg</filename>
		<width>580</width>
		<height>312</height>
		<artist>Noel Copeland, Nereid Avenue Subway Station</artist>
		<desc></desc>
	</bg>

	<bg>
		<filename>otterness.jpg</filename>
		<width>580</width>
		<height>312</height>
		<artist>Tom Otterness, 14th Street-Eight Avenue Subway Station</artist>
		<desc></desc>
	</bg>

	<bg>
		<filename>luggage.jpg</filename>
		<width>580</width>
		<height>312</height>
		<artist>Ron Baron, LIRR Hempstead Station</artist>
		<desc></desc>
	</bg>

	<bg>
		<filename>roy.jpg</filename>
		<width>580</width>
		<height>312</height>
		<artist>Roy Lichtenstein, Times Square-42nd Street Subway Station</artist>
		<desc></desc>
	</bg>

	<bg>
		<filename>marbles.jpg</filename>
		<width>580</width>
		<height>312</height>
		<artist>Lisa Dinhofer, 42nd Street-Port Authority Bus Terminal</artist>
		<desc></desc>
	</bg>

	<bg>
		<filename>arc.jpg</filename>
		<width>580</width>
		<height>312</height>
		<artist>Eric Fischl, 34th Street-Penn Station</artist>
		<desc></desc>
	</bg>

	<bg>
		<filename>Janet-Zweig.jpg</filename>
		<width>580</width>
		<height>312</height>
		<artist>Janet Zweig and Edward del Rosario, Prince Street Subway Station</artist>
		<desc></desc>
	</bg>

	<bg>
		<filename>birds.jpg</filename>
		<width>580</width>
		<height>312</height>
		<artist>Andrew Ginzel and Kristin Jones, Chambers Street-Park Place Subway Station</artist>
		<desc></desc>
	</bg>

	<bg>
		<filename>bt.jpg</filename>
		<width>580</width>
		<height>312</height>
		<artist>R. M. Fischer, Brooklyn Battery Tunnel</artist>
		<desc></desc>
	</bg>

	<bg>
		<filename>light.jpg</filename>
		<width>580</width>
		<height>312</height>
		<artist>Robert Wilson, Coney Island-Stillwell Avenue Subway Station</artist>
		<desc></desc>
	</bg>

	<bg>
		<filename>curve.jpg</filename>
		<width>580</width>
		<height>312</height>
		<artist>Al Held, Lexington Avenue-53rd Street Subway Station</artist>
		<desc></desc>
	</bg>

	<bg>
		<filename>grid.jpg</filename>
		<width>580</width>
		<height>312</height>
		<artist>Houston Conwill, 125th Street Subway Station</artist>
		<desc></desc>
	</bg>

	<bg>
		<filename>native_am.jpg</filename>
		<width>580</width>
		<height>312</height>
		<artist>Robert Taplin, MNR Cortlandt Station</artist>
		<desc></desc>
	</bg>

</backgrounds>