<?xml version="1.0" encoding="UTF-8" ?>
<stationsbyline>

	<line id="Grand Central Terminal">
		<station>Grand Central Terminal</station>
	</line>

	<line id="Harlem Line">
		<station>Harlem - 125 Street</station>
		<station>Mount Vernon West</station>
		<station>Fleetwood</station>
		<station>Tuckahoe</station>
		<station>Crestwood</station>
		<station>Scarsdale</station>
		<station>Hartsdale</station>
		<station>North White Plains</station>
		<station>Pleasantville</station>
		<station>Wassaic</station>
	</line>

	<line id="New Haven Line">
		<station>Mount Vernon East</station>
		<station>Larchmont</station>
		<station>Harrison</station>
	</line>

	<line id="Hudson Line">
		<station>Yankees-E. 153rd Street</station>
		<station>Riverdale</station>
		<station>Yonkers</station>
		<station>Dobbs Ferry</station>
		<station>Philipse Manor</station>
		<station>Cortlandt</station>
	</line>

</stationsbyline>