<?xml version="1.0" encoding="UTF-8" ?>
<permart>

	<station>
		<abbr>NYCT</abbr>
		<agency>New York City Transit</agency>
		<station_name>Jamaica Center-Parsons-Archer</station_name>
		<line>E,J,Z</line>
		<art1_artist-first>Sam</art1_artist-first>
		<art1_artist-last>Gilliam</art1_artist-last>
		<art1_title>Jamaica Center Station Riders, Blue</art1_title>
		<art1_date>1991</art1_date>
		<art1_material>Painted aluminum sculpture on wall above entrance</art1_material>
		<art1_description>The wall sculpture consists of two elements, a large ellipse and an armature that holds it, constructed of aluminum plate with deep welds.  Gilliam's has long been interested in sculptural and theatrical work that interacts with the space it inhabits.  He began draping his canvases and this led to his public sculpture such as this piece, where aluminum has taken the place of a canvas.  In the artist's words, the work "calls to mind movement, circuits, speed, technology, and passenger ships...the colors used in the piece... refer to colors of the respective subway lines.  The predominant use of blue provides one with a visual solid in a transitional area that is near subterranean."</art1_description>
		<art1_image1-b>Gilliam1b.jpg</art1_image1-b>
		<art1_image1-m>Gilliam1m.jpg</art1_image1-m>
		<art1_image1-s>Gilliam1s.jpg</art1_image1-s>
		<art1_image2-b>Gilliam2b.jpg</art1_image2-b>
		<art1_image2-m>Gilliam2m.jpg</art1_image2-m>
		<art1_image2-s>Gilliam2s.jpg</art1_image2-s>
	</station>

	<station>
		<abbr>NYCT</abbr>
		<agency>New York City Transit</agency>
		<station_name>111th Street-104th Street-Woodhaven Boulevard - 75th Street - Cypress Hills</station_name>
		<line>J,Z</line>
		<art1_artist-first>Kathleen</art1_artist-first>
		<art1_artist-last>McCarthy</art1_artist-last>
		<art1_title>Five Points of Observation</art1_title>
		<art1_date>1990-93</art1_date>
		<art1_material>Wire-mesh sculpture in platform windscreens</art1_material>
		<art1_description>{Five Points of Observation}, sited on the platform walls of five adjacent subway stations in Queens and Brooklyn,  is composed of five colossal six-foot heads made of copper mesh positioned at different angles and inserted in specially cut openings in the windscreen walls that otherwise would block views from the platforms to the streets below.  Positioning themselves in the heads, subway riders can look out onto the world literally through the eyes of the sculptural forms.  The artist created faces both multiethnic and androgynous, leaving room for viewers to construct for themselves stories of who these haunting forms might be and what they might signify.  The faces are constructed with steel armatures and a grid of wire mesh, which serves a protective as well as expressive function.  The positioning of the forms varies from station to station, giving them further variety and expressiveness.</art1_description>
		<art1_image1-b>McCarthy1b.jpg</art1_image1-b>
		<art1_image1-m>McCarthy1m.jpg</art1_image1-m>
		<art1_image1-s>McCarthy1s.jpg</art1_image1-s>
		<art1_image2-b>McCarthy2b.jpg</art1_image2-b>
		<art1_image2-m>McCarthy2m.jpg</art1_image2-m>
		<art1_image2-s>McCarthy2s.jpg</art1_image2-s>
	</station>

	<station>
		<abbr>NYCT</abbr>
		<agency>New York City Transit</agency>
		<station_name>Crescent Street</station_name>
		<line>J,Z</line>
		<art1_artist-first>Jung Hyang</art1_artist-first>
		<art1_artist-last>Kim</art1_artist-last>
		<art1_title>Wheel of Bloom-Soak up the Sun</art1_title>
		<art1_date>2007</art1_date>
		<art1_material>Faceted glass in platform windscreens</art1_material>
		<art1_description>Jung brightens the commuter's environment with happy expressiveness in her art.  While standing on the platform, Jung was struck by the view of the vast blue sky.  Designs that symbolize the sun and the wheel of the trains feature a series of circles and vibrant colors that add complexity.  The colors reflect the cycle of the day, beginning with yellow for morning and blue for night.  The circular shapes also reflect the movement and life of the neighborhood.</art1_description>
		<art1_image1-b>Kim1b.jpg</art1_image1-b>
		<art1_image1-m>Kim1m.jpg</art1_image1-m>
		<art1_image1-s>Kim1s.jpg</art1_image1-s>
		<art1_image2-b>Kim2b.jpg</art1_image2-b>
		<art1_image2-m>Kim2m.jpg</art1_image2-m>
		<art1_image2-s>Kim2s.jpg</art1_image2-s>
		<art1_image3-b>Kim3b.jpg</art1_image3-b>
		<art1_image3-m>Kim3m.jpg</art1_image3-m>
		<art1_image3-s>Kim3s.jpg</art1_image3-s>
		<art1_image4-b>Kim4b.jpg</art1_image4-b>
		<art1_image4-m>Kim4m.jpg</art1_image4-m>
		<art1_image4-s>Kim4s.jpg</art1_image4-s>
	</station>

	<station>
		<abbr>NYCT</abbr>
		<agency>New York City Transit</agency>
		<station_name>Norwood Avenue</station_name>
		<line>J,Z</line>
		<art1_artist-first>Margaret</art1_artist-first>
		<art1_artist-last>Lanzetta</art1_artist-last>
		<art1_title>Culture Swirl</art1_title>
		<art1_date>2007</art1_date>
		<art1_material>Faceted glass in platform windscreens</art1_material>
		<art1_description>Using design, patterns, and color as cultural expression, {Culture Swirl} links the early 17th to 19th century Dutch and English history in the area with the current vibrant culturally rich community.  Drawn from historic Dutch and English sources combined with curling, swirling patterns of African textiles and ornate wrought iron doors and gates, the bold, colorful artwork features bright, sun-filled colors to reflect tropical climates and traditional cultural heritage.  The sequence of windscreens create a dynamic progression and sense of movement as viewed by passengers riding on passing trains.</art1_description>
		<art1_image1-b>lanzetta1b.jpg</art1_image1-b>
		<art1_image1-m>lanzetta1m.jpg</art1_image1-m>
		<art1_image1-s>lanzetta1s.jpg</art1_image1-s>
		<art1_image2-b>lanzetta2b.jpg</art1_image2-b>
		<art1_image2-m>lanzetta2m.jpg</art1_image2-m>
		<art1_image2-s>lanzetta2s.jpg</art1_image2-s>
		<art1_image3-b>lanzetta3b.jpg</art1_image3-b>
		<art1_image3-m>lanzetta3m.jpg</art1_image3-m>
		<art1_image3-s>lanzetta3s.jpg</art1_image3-s>
		<art1_image4-b>lanzetta4b.jpg</art1_image4-b>
		<art1_image4-m>lanzetta4m.jpg</art1_image4-m>
		<art1_image4-s>lanzetta4s.jpg</art1_image4-s>
	</station>

	<station>
		<abbr>NYCT</abbr>
		<agency>New York City Transit</agency>
		<station_name>Cleveland Street</station_name>
		<line>J,Z</line>
		<art1_artist-first>Amy</art1_artist-first>
		<art1_artist-last>Cheng</art1_artist-last>
		<art1_title>Las Flores</art1_title>
		<art1_date>2007</art1_date>
		<art1_material>Faceted glass in platform windscreens</art1_material>
		<art1_description>Located within the platform windscreens, colorful floral patterned glasswork embellishes the Cleveland Street station.  The artist combines her swirling patterns, bright and radiant pastel tones with traditional folk decorative motifs to create her unique compositions.   She hopes they convey positive thoughts of peace, prosperity and stability to the neighborhood.</art1_description>
		<art1_image1-b>Cheng1b.jpg</art1_image1-b>
		<art1_image1-m>Cheng1m.jpg</art1_image1-m>
		<art1_image1-s>Cheng1s.jpg</art1_image1-s>
		<art1_image2-b>Cheng2b.jpg</art1_image2-b>
		<art1_image2-m>Cheng2m.jpg</art1_image2-m>
		<art1_image2-s>Cheng2s.jpg</art1_image2-s>
		<art1_image3-b>Cheng3b.jpg</art1_image3-b>
		<art1_image3-m>Cheng3m.jpg</art1_image3-m>
		<art1_image3-s>Cheng3s.jpg</art1_image3-s>
		<art1_image4-b>Cheng4b.jpg</art1_image4-b>
		<art1_image4-m>Cheng4m.jpg</art1_image4-m>
		<art1_image4-s>Cheng4s.jpg</art1_image4-s>
	</station>

	<station>
		<abbr>NYCT</abbr>
		<agency>New York City Transit</agency>
		<station_name>Van Siclen Avenue</station_name>
		<line>J,Z</line>
		<art1_artist-first>Barbara</art1_artist-first>
		<art1_artist-last>Ellmann</art1_artist-last>
		<art1_title>THE VIEW FROM HERE</art1_title>
		<art1_date>2007</art1_date>
		<art1_material>Faceted glass in platform windscreens</art1_material>
		<art1_description>Barbara Ellmann created colorful geometric patterns abstracted from the landscape and elements within the surrounding neighborhood.  Through site visits, Barbara documented  intersecting buildings, and various intersections and patterns to create her  compositions, which were fabricated into 21 faceted glass panels and installed in windscreens on the station platforms.   The works fill the platform with jewel-like color while protecting transit customers from the wind.</art1_description>
		<art1_image1-b>Ellmann1b.jpg</art1_image1-b>
		<art1_image1-m>Ellmann1m.jpg</art1_image1-m>
		<art1_image1-s>Ellmann1s.jpg</art1_image1-s>
		<art1_image2-b>Ellmann2b.jpg</art1_image2-b>
		<art1_image2-m>Ellmann2m.jpg</art1_image2-m>
		<art1_image2-s>Ellmann2s.jpg</art1_image2-s>
		<art1_image3-b>Ellmann3b.jpg</art1_image3-b>
		<art1_image3-m>Ellmann3m.jpg</art1_image3-m>
		<art1_image3-s>Ellmann3s.jpg</art1_image3-s>
		<art1_image4-b>Ellmann4b.jpg</art1_image4-b>
		<art1_image4-m>Ellmann4m.jpg</art1_image4-m>
		<art1_image4-s>Ellmann4s.jpg</art1_image4-s>
	</station>

	<station>
		<abbr>NYCT</abbr>
		<agency>New York City Transit</agency>
		<station_name>Alabama Avenue</station_name>
		<line>J,Z</line>
		<art1_artist-first>Scott</art1_artist-first>
		<art1_artist-last>Redden</art1_artist-last>
		<art1_title>Untitled</art1_title>
		<art1_date>2007</art1_date>
		<art1_material>Faceted glass in platform windscreens</art1_material>
		<art1_description>Images of rural America evoke a nostalgia past in Scott Redden's tranquil counterpoint to the bustle of a city at the Alabama Avenue platform.  The colorful glass windows take the commuter on a visual journey through idealized landscapes with blue trees, red barns, and roosters, and even an archetypal yellow truck traveling a country road.</art1_description>
		<art1_image1-b>redden1b.jpg</art1_image1-b>
		<art1_image1-m>redden1m.jpg</art1_image1-m>
		<art1_image1-s>redden1s.jpg</art1_image1-s>
		<art1_image2-b>redden2b.jpg</art1_image2-b>
		<art1_image2-m>redden2m.jpg</art1_image2-m>
		<art1_image2-s>redden2s.jpg</art1_image2-s>
		<art1_image3-b>redden3b.jpg</art1_image3-b>
		<art1_image3-m>redden3m.jpg</art1_image3-m>
		<art1_image3-s>redden3s.jpg</art1_image3-s>
		<art1_image4-b>redden4b.jpg</art1_image4-b>
		<art1_image4-m>redden4m.jpg</art1_image4-m>
		<art1_image4-s>redden4s.jpg</art1_image4-s>
	</station>

	<station>
		<abbr>NYCT</abbr>
		<agency>New York City Transit</agency>
		<station_name>Broadway Junction</station_name>
		<line>A,C,J,L,Z</line>
		<art1_artist-first>Al</art1_artist-first>
		<art1_artist-last>Loving</art1_artist-last>
		<art1_title>Brooklyn, New Morning</art1_title>
		<art1_date>2001</art1_date>
		<art1_material>Faceted glass throughout complex; glass mosaic on upper mezzanine wall</art1_material>
		<art1_description>{Brooklyn, New Morning} is an expansive work that consists of 75 unique glass panels arranged into a series  throughout the complex and a seven-by-ten-foot glass mosaic mural wall. *Al Loving said the work has a "spirit of interdependence and interconnection as an important aspect of the American experience," reflecting that this large station serves as a crossroads.  Working with natural light, he achieves a lively and engaging atmosphere, and the colored light and flowing forms create a sense of optimism and well-being.</art1_description>
		<art1_image1-b>Loving1b.jpg</art1_image1-b>
		<art1_image1-m>Loving1m.jpg</art1_image1-m>
		<art1_image1-s>Loving1s.jpg</art1_image1-s>
		<art1_image2-b>Loving2b.jpg</art1_image2-b>
		<art1_image2-m>Loving2m.jpg</art1_image2-m>
		<art1_image2-s>Loving2s.jpg</art1_image2-s>
	</station>

	<station>
		<abbr>NYCT</abbr>
		<agency>New York City Transit</agency>
		<station_name>Chauncey Street</station_name>
		<line>J,Z</line>
		<art1_artist-first>Maria</art1_artist-first>
		<art1_artist-last>Dominguez</art1_artist-last>
		<art1_title>El Views</art1_title>
		<art1_date>2002</art1_date>
		<art1_material>Faceted glass in mezzanine windows and platform windscreens</art1_material>
		<art1_description>Maria Dominguez created the paintings upon which {El Views} were based and these were then translated into 16 panels of brilliantly colored faceted glass.  In order to capture the area's spirit and energy the artist spoke with dozens of people and took numerous photos of their neighborhood.  The final result transforms daily activities into striking images - people arriving home from school or work, tree buds in springtime, and lights from the businesses surrounding the elevated structures.  {El Views} is embedded with the sensibility and humanity of the people and place that were its inspiration.</art1_description>
		<art1_image1-b>Dominguez1b.jpg</art1_image1-b>
		<art1_image1-m>Dominguez1m.jpg</art1_image1-m>
		<art1_image1-s>Dominguez1s.jpg</art1_image1-s>
		<art1_image2-b>Dominguez2b.jpg</art1_image2-b>
		<art1_image2-m>Dominguez2m.jpg</art1_image2-m>
		<art1_image2-s>Dominguez2s.jpg</art1_image2-s>
	</station>

	<station>
		<abbr>NYCT</abbr>
		<agency>New York City Transit</agency>
		<station_name>Halsey Street</station_name>
		<line>J,Z</line>
		<art1_artist-first></art1_artist-first>
		<art1_artist-last>SOL'SAX</art1_artist-last>
		<art1_title>SOL'SCRYPT</art1_title>
		<art1_date>2008</art1_date>
		<art1_material>Faceted glass in mezzanine windows and platform windscreens</art1_material>
		<art1_description>Based upon African and African-American culture and history and fused with the contemporary music and pop culture from his Brooklyn neighborhood, SOL'SAX's faceted glass project addresses in visual form the layers of memory and culture that  influence and inspire his work.*The vibrant colors and intricate designs in the art panels represent the artist's creative explorations. Images of city life are melded with symbols of ancient African cultural influences and relics. The compositions are intended to provide guidance, and protection, inspiration for all traveling through the station.</art1_description>
		<art1_image1-b>solsax1b.jpg</art1_image1-b>
		<art1_image1-m>solsax1m.jpg</art1_image1-m>
		<art1_image1-s>solsax1s.jpg</art1_image1-s>
		<art1_image2-b>solsax2b.jpg</art1_image2-b>
		<art1_image2-m>solsax2m.jpg</art1_image2-m>
		<art1_image2-s>solsax2s.jpg</art1_image2-s>
	</station>

	<station>
		<abbr>NYCT</abbr>
		<agency>New York City Transit</agency>
		<station_name>Gates Avenue</station_name>
		<line>J,Z</line>
		<art1_artist-first>Chris Wade</art1_artist-first>
		<art1_artist-last>Robinson</art1_artist-last>
		<art1_title>Dream Train</art1_title>
		<art1_date>2002</art1_date>
		<art1_material>Faceted glass in mezzanine windows and platform windscreens</art1_material>
		<art1_description>In {Dream Train}, Chris Wade Robinson pays tribute to the spirit of the subway in his 16 panels of faceted glass that narrate the daily motions of residents interacting with the movement of trains through the urban landscape.  Robinson says, "A simple subway ride is a cultural exploration, a cross-section of a city as it moves from past to present and on to tomorrow.  All races, creeds, and colors interconnect on a common path to an endless variety of destinations. Each rider is enriched by daily discoveries of new faces, places, and things....They are vignettes made of memory and experience, an ode to a lifetime spent riding in and dreaming on the train, as it speeds through the darkness and into the light."</art1_description>
		<art1_image1-b>Robinson1b.jpg</art1_image1-b>
		<art1_image1-m>Robinson1m.jpg</art1_image1-m>
		<art1_image1-s>Robinson1s.jpg</art1_image1-s>
		<art1_image2-b>Robinson2b.jpg</art1_image2-b>
		<art1_image2-m>Robinson2m.jpg</art1_image2-m>
		<art1_image2-s>Robinson2s.jpg</art1_image2-s>
	</station>

	<station>
		<abbr>NYCT</abbr>
		<agency>New York City Transit</agency>
		<station_name>Myrtle Avenue</station_name>
		<line>J,M,Z</line>
		<art1_artist-first>Verna</art1_artist-first>
		<art1_artist-last>Hart</art1_artist-last>
		<art1_title>Jammin' Under the EL</art1_title>
		<art1_date>1999</art1_date>
		<art1_material>Faceted glass in mezzanine windows and platform windscreens</art1_material>
		<art1_description>{Jammin' under the EL} honors the community's character with windows and windscreens composed of colorful faceted glass panels that depict an imaginary jazz combo with drums, piano, guitar, bass, flutes, saxophones, trombones, and trumpets.  The sounds of percussion instruments are powerfully suggested, and jiving vocalists complete the picture.  Hart says that {Jammin' under the EL} is "a kind of jam session of the mind.  A little imagination is all that's needed to enjoy a dozen solo performances in the panels.  You can board the jazz express and take a jazz, rock, funk, or salsa journey of your choice."</art1_description>
		<art1_image1-b>Hart1b.jpg</art1_image1-b>
		<art1_image1-m>Hart1m.jpg</art1_image1-m>
		<art1_image1-s>Hart1s.jpg</art1_image1-s>
		<art1_image2-b>Hart2b.jpg</art1_image2-b>
		<art1_image2-m>Hart2m.jpg</art1_image2-m>
		<art1_image2-s>Hart2s.jpg</art1_image2-s>
	</station>

	<station>
		<abbr>NYCT</abbr>
		<agency>New York City Transit</agency>
		<station_name>Marcy Avenue</station_name>
		<line>J,M,Z</line>
		<art1_artist-first>Ellsworth</art1_artist-first>
		<art1_artist-last>Ausby</art1_artist-last>
		<art1_title>Space Odyssey</art1_title>
		<art1_date>2004</art1_date>
		<art1_material>Faceted glass in mezzanine windows and platform windscreens</art1_material>
		<art1_description>Ellsworth Ausby created eight triptychs for the station's platform windscreens that explore the relationship of man to the universe.  In a subtle way, the brilliantly colored forms evoke the feeling of the swirling cosmos.  For this commission, the artist produced a series of drawings later translated into a faceted glass.  According to the artist, he is particularly attracted by "the idea of traveling in infinite space, which is as a passenger on the Earth Express line, experienced through the cycle of the seasons."  He was particularly pleased to work with faceted glass windows, "a new and exciting medium for me to work with,  ...  These windows have allowed me to expand my understanding of the possibilities that this concept has as public art,....It is my hope that these windows express what I feel is the spirit of New York, the hustle and bustle, the fast pace of the city."</art1_description>
		<art1_image1-b>Ausby1b.jpg</art1_image1-b>
		<art1_image1-m>Ausby1m.jpg</art1_image1-m>
		<art1_image1-s>Ausby1s.jpg</art1_image1-s>
		<art1_image2-b>Ausby2b.jpg</art1_image2-b>
		<art1_image2-m>Ausby2m.jpg</art1_image2-m>
		<art1_image2-s>Ausby2s.jpg</art1_image2-s>
	</station>

	<station>
		<abbr>NYCT</abbr>
		<agency>New York City Transit</agency>
		<station_name>Delancey Street-Essex Street</station_name>
		<line>F,J,M,Z</line>
		<art1_artist-first>Ming</art1_artist-first>
		<art1_artist-last>Fay</art1_artist-last>
		<art1_title>Shad Crossing, Delancey Orchard</art1_title>
		<art1_date>2004</art1_date>
		<art1_material>Glass mosaics on platform and mezzanine walls</art1_material>
		<art1_description>Ming Fay brings to the station the liveliness of the thriving marketplace overhead in this storied Lower East Side neighborhood.  The artist extensively researched the neighborhood's history, and created by watercolor sketches that were transformed into glass mosaic murals by craftsmen.  The images of Shad Crossing celebrate the return of the once abundant fish to New York and water as a metaphor for "crossing." {Delancey Orchard} is the mural on the Manhattan-bound platform, inspired by the prominent  DeLancey family's eighteenth century farm, which stretched from the East River to the Hudson River.  The farm's cherry orchard was located where Orchard Street stands and is memorialized with radiant cherry trees on the Brooklyn-bound platform.</art1_description>
		<art1_image1-b>Fay1b.jpg</art1_image1-b>
		<art1_image1-m>Fay1m.jpg</art1_image1-m>
		<art1_image1-s>Fay1s.jpg</art1_image1-s>
		<art1_image2-b>Fay2b.jpg</art1_image2-b>
		<art1_image2-m>Fay2m.jpg</art1_image2-m>
		<art1_image2-s>Fay2s.jpg</art1_image2-s>
		<art1_image3-b>Fay3b.jpg</art1_image3-b>
		<art1_image3-m>Fay3m.jpg</art1_image3-m>
		<art1_image3-s>Fay3s.jpg</art1_image3-s>
		<art1_image4-b>Fay4b.jpg</art1_image4-b>
		<art1_image4-m>Fay4m.jpg</art1_image4-m>
		<art1_image4-s>Fay4s.jpg</art1_image4-s>
	</station>

	<station>
		<abbr>NYCT</abbr>
		<agency>New York City Transit</agency>
		<station_name>Canal Street</station_name>
		<line>J,M,N,Q,R,W,Z,6</line>
		<art1_artist-first>Bing</art1_artist-first>
		<art1_artist-last>Lee</art1_artist-last>
		<art1_title>Empress Voyage 2.22.1794</art1_title>
		<art1_date>1998</art1_date>
		<art1_material>Ceramic tiles and mosaic banding on platform walls and connecting passageway</art1_material>
		<art1_description>Bing Lee's {Empress Voyage} commemorates the pioneering expedition of the American merchant ship, Empress of China, which in 1794 returned to New York harbor filled with silk, tea, and porcelain (commonly called china, due to its origin).  Through the artist's lighthearted use of Chinese-derived icons, the tiles illustrate aspects of the then-new trade with Asia and celebrates today's Chinatown.  On the platforms, interlocking teapots incorporate the Chinese symbol for "good life."  Other symbols, on the station's upper level, are variations on the symbols for "Asia," "quality," and "cycle."  As trains arrive, debarking passengers are given a choice of reading "Canal Street" in English or the Chinese characters for "Chinatown." "I want to give the viewers art that reminds them of history, but also speaks directly to them," says Lee, "something meaningful but also playful."</art1_description>
		<art1_image1-b>Lee1b.jpg</art1_image1-b>
		<art1_image1-m>Lee1m.jpg</art1_image1-m>
		<art1_image1-s>Lee1s.jpg</art1_image1-s>
		<art1_image2-b>Lee2b.jpg</art1_image2-b>
		<art1_image2-m>Lee2m.jpg</art1_image2-m>
		<art1_image2-s>Lee2s.jpg</art1_image2-s>
	</station>

	<station>
		<abbr>NYCT</abbr>
		<agency>New York City Transit</agency>
		<station_name>Brooklyn Bridge-City Hall/Chamber Street</station_name>
		<line>4,5,6,J,M,Z</line>
		<art1_artist-first>Mark</art1_artist-first>
		<art1_artist-last>Gibian</art1_artist-last>
		<art1_title>Cable Crossing</art1_title>
		<art1_date>1996</art1_date>
		<art1_material>Stretched steel cable skylight sculpture and railings in entrance area of 4, 5, 6</art1_material>
		<art1_description>The Brooklyn Bridge's pioneering use of steel cables and a suspended roadway are repeatedly referenced in the design of artist Mark Gibian's work. Within the west mezzanine a web of cables recalls the graceful forms of the bridge, while overhead a 30-square foot structure, suspended beneath a skylight, frames the cable work.   At the turnstiles, three panels that also use cables serve as a functional barrier.   For the artist, the "lacy" curves of the panels "echo the beauty of the bridge's cross-hatched cables and the feeling of flight as it springs across the East River."  The energy of {Cable Crossing} suggests "the controlled power of the subway and its network of metal and concrete that undergirds the city.   I wanted to explore movement, using soft curves with hard materials," Gibian says.</art1_description>
		<art1_image1-b>Gibian1b.jpg</art1_image1-b>
		<art1_image1-m>Gibian1m.jpg</art1_image1-m>
		<art1_image1-s>Gibian1s.jpg</art1_image1-s>
		<art1_image2-b>Gibian2b.jpg</art1_image2-b>
		<art1_image2-m>Gibian2m.jpg</art1_image2-m>
		<art1_image2-s>Gibian2s.jpg</art1_image2-s>
		<art1_image3-b>Gibian3b.jpg</art1_image3-b>
		<art1_image3-m>Gibian3m.jpg</art1_image3-m>
		<art1_image3-s>Gibian3s.jpg</art1_image3-s>
	</station>

	<station>
		<abbr>NYCT</abbr>
		<agency>New York City Transit</agency>
		<station_name>Fulton Street/Broadway-Nassau</station_name>
		<line>A,C,J,M,Z,2,3,4,5</line>
		<art1_artist-first>Nancy</art1_artist-first>
		<art1_artist-last>Holt</art1_artist-last>
		<art1_title>Astral Grating</art1_title>
		<art1_date>1987</art1_date>
		<art1_material>Steel and light sculpture in passageway ceiling between A, C and 4, 5 stations</art1_material>
		<art1_description>Nancy Holt's steel ceiling sculpture incorporating lighting at the Fulton Street/Broadway-Nassau subway station, is an example of Arts for Transit's early efforts to foster collaborations with station architects, (in this case, Lee Harris Pomeroy) to integrate the artwork with the architecture.   An environmental artist, Holt creates art by giving physical form to universal cycles of the sun, moon, and stars. *In {Astral Grating}, Holt has surrounded lights with graduated circular rings making domed openings in a dropped steel grate ceiling.  "The rings and light fixtures in this ceiling light sculpture are in the configuration of the stars in five constellations: Aries, Auriga, Canis Major, Cygnus, and Piscus Austrinus," says Holt.  The number of lights in a cluster and the diameter of the domed openings vary in size according to the brightness of the stars represented. *{The plan for the new Fulton Street Transit Center, includes the reinstallation of Astral Grating  in the reconfigured passageways.}</art1_description>
		<art1_image1-b>Holt1b.jpg</art1_image1-b>
		<art1_image1-m>Holt1m.jpg</art1_image1-m>
		<art1_image1-s>Holt1s.jpg</art1_image1-s>
		<art1_image2-b>Holt2b.jpg</art1_image2-b>
		<art1_image2-m>Holt2m.jpg</art1_image2-m>
		<art1_image2-s>Holt2s.jpg</art1_image2-s>
		<art2_artist-first>Frederick Dana</art2_artist-first>
		<art2_artist-last>Marsh</art2_artist-last>
		<art2_title>Marine Grill Murals</art2_title>
		<art2_date>ca. 1913; installed 2000</art2_date>
		<art2_material>Glazed terracotta murals and painted cast iron gates created for the McAlpin Hotel in 1913; reinstalled in passageway;  to be relocated to the new Williams Street entrance to the A, C, 2, 3 as part of the Fulton Street Transit Center project.</art2_material>
		<art2_description>At the turn of the twentieth century the McAlpin Hotel was one of the places to be seen.  Frederick Dana Marsh created a series of twenty terra cotta murals for its walls, with maritime themes celebrating New York's important seaport.  Times change, and the hotel became apartments and the murals were removed.  In 2000, six of the murals were installed in the station and was the Marine Grill's famed ironwork entrance gate.  All of this blends well with the terra cotta plaques installed elsewhere in the system by the original builders of the subway. *{The rebuilding of the station, as part of the Fulton Street Transit Center, is underway and requires the murals' removal, restoration, and relocation.}</art2_description>
		<art2_image1-b>Marsh1b.jpg</art2_image1-b>
		<art2_image1-m>Marsh1m.jpg</art2_image1-m>
		<art2_image1-s>Marsh1s.jpg</art2_image1-s>
		<art2_image2-b>Marsh2b.jpg</art2_image2-b>
		<art2_image2-m>Marsh2m.jpg</art2_image2-m>
		<art2_image2-s>Marsh2s.jpg</art2_image2-s>
		<art2_image3-b>Marsh3b.jpg</art2_image3-b>
		<art2_image3-m>Marsh3m.jpg</art2_image3-m>
		<art2_image3-s>Marsh3s.jpg</art2_image3-s>
	</station>

</permart>