<?xml version="1.0" encoding="UTF-8" ?>
<stationsbyline>

	<line id="Penn Station">
		<station>Penn Station</station>
	</line>

	<line id="Port Washington Branch">
		<station>Broadway Station</station>
		<station>Bayside Station</station>
		<station>Great Neck</station>
	</line>

	<line id="Hempstead Branch">
		<station>Atlantic Terminal</station>
		<station>Hempstead</station>
	</line>

	<line id="Port Jefferson Branch">
		<station>Atlantic Terminal</station>
		<station>Hicksville</station>
		<station>Huntington</station>
	</line>

	<line id="Ronkonkoma Branch">
		<station>Atlantic Terminal</station>
		<station>Hicksville</station>
		<station>Ronkonkoma</station>
		<station>Greenport</station>
	</line>

	<line id="Babylon Branch">
		<station>Atlantic Terminal</station>
		<station>Valley Stream</station>
		<station>Merrick</station>
		<station>Bellmore</station>
		<station>Seaford</station>
	</line>

	<line id="Montauk Branch">
		<station>Atlantic Terminal</station>
		<station>Bay Shore</station>
	</line>

</stationsbyline>