<?xml version="1.0" encoding="UTF-8" ?>
<permart>
	<station>
		<abbr>NYCT</abbr>
		<agency>New York City Transit</agency>
		<station_name>135th Street</station_name>
		<line>2,3</line>
		<art1_artist-first>Willie</art1_artist-first>
		<art1_artist-last>Birch</art1_artist-last>
		<art1_title>Harlem Timeline</art1_title>
		<art1_date>1995</art1_date>
		<art1_material>Glass mosaic on platform walls</art1_material>
		<art1_description>{Harlem Timeline} serves as a tribute to Harlem luminaries.  In this expansive mosaic mural, they are seen mingling with neighborhood residents.  On the downtown platform, we see Reverend Adam Clayton Powell Jr., Langston Hughes, Joe Louis, and Charlie Parker in action.  The blues - both the musical form and the color - are represented on the uptown side, with Billie Holiday, bathed in indigo.  Elsewhere, Malcolm X, Marcus Garvey, Paul Robeson, John Coltrane, and Thelonious Monk express themselves, rejoining the community where the Harlem Renaissance all began.  Some of the visual references that Birch weaves into the work are African-American quilts, textile designs of Mexico and Africa, and visionary folk art.</art1_description>
		<art1_image1-b>Birch1b.jpg</art1_image1-b>
		<art1_image1-m>Birch1m.jpg</art1_image1-m>
		<art1_image1-s>Birch1s.jpg</art1_image1-s>
		<art1_image2-b>Birch2b.jpg</art1_image2-b>
		<art1_image2-m>Birch2m.jpg</art1_image2-m>
		<art1_image2-s>Birch2s.jpg</art1_image2-s>
		<art1_image3-b>Birch3b.jpg</art1_image3-b>
		<art1_image3-m>Birch3m.jpg</art1_image3-m>
		<art1_image3-s>Birch3s.jpg</art1_image3-s>
	</station>
	
	<station>
		<abbr>NYCT</abbr>
		<agency>New York City Transit</agency>
		<station_name>125th Street</station_name>
		<line>2,3</line>
		<art1_artist-first>Faith</art1_artist-first>
		<art1_artist-last>Ringgold</art1_artist-last>
		<artistextra>assisted by Tim Tait Designs</artistextra>
		<art1_title>Flying Home: Harlem Heroes and Heroines (Downtown and Uptown)</art1_title>
		<art1_date>1996</art1_date>
		<art1_material>Glass mosaic on platform walls</art1_material>
		<art1_description>{Flying Home} is a mosaic mural that honors Harlem notables and makes them fly.  The mural on one platform depicts performers, painters, and sports figures like Dinah Washington, Sugar Ray Robinson, and Josephine Baker.  The opposite platform shows leaders like Malcolm X and writer Zora Neale Hurston, brought to life in mosaics that recall the cultural zenith of Harlem.  The title is based on a Lionel Hampton song which Faith Ringgold heard as a child.  The artist sought  to capture its spirit in this work, which she expressed by posing the figures as if they were in flight.  "I love every one of these people," Ringgold says, "I wanted to share those memories, to give the community - and others just passing through - a glimpse of all the wonderful people who were part of Harlem.  I wanted them to realize what Harlem has produced and inspired."</art1_description>
		<art1_image1-b>Ringgold1b.jpg</art1_image1-b>
		<art1_image1-m>Ringgold1m.jpg</art1_image1-m>
		<art1_image1-s>Ringgold1s.jpg</art1_image1-s>
		<art1_image2-b>Ringgold2b.jpg</art1_image2-b>
		<art1_image2-m>Ringgold2m.jpg</art1_image2-m>
		<art1_image2-s>Ringgold2s.jpg</art1_image2-s>
		<art1_image3-b>Ringgold3b.jpg</art1_image3-b>
		<art1_image3-m>Ringgold3m.jpg</art1_image3-m>
		<art1_image3-s>Ringgold3s.jpg</art1_image3-s>
	</station>
	<station>
		<abbr>NYCT</abbr>
		<agency>New York City Transit</agency>
		<station_name>116th Street</station_name>
		<line>2,3</line>
		<art1_artist-first>Vincent</art1_artist-first>
		<art1_artist-last>Smith</art1_artist-last>
		<art1_title>Minton's Playhouse (uptown), The Movers and Shakers (downtown)</art1_title>
		<art1_date>1999</art1_date>
		<art1_material>Glass mosaic on platform walls</art1_material>
		<art1_description>Vincent Smith's mosaic artwork showcases the nightlife, culture, and personalities from Harlem's heyday.  {The Movers and Shakers} portrays sixteen Harlem visionaries in front of the important places in their careers:  Edward "Duke" Ellington and Bill "Bojangles" Robinson at the Apollo Theater, Langston Hughes before the National Black Theater; and Zora Neale Hurston and Alvin Ailey at the Studio Museum. Nearby, Paul Robeson, Marcus Garvey and a young Thurgood Marshall appear.  On the opposite wall, jazz pioneers are rendered as composite figures inspired by Smith's recollections of those who created the new sound.    His musicians energetically play their music against a background of yellows, blues, and greens that hint at Africa and the Caribbean, inspiration for the rhythms and music that is jazz. The title, {Minton's Playhouse} refers to a popular jazz club Smith frequented.</art1_description>
		<art1_image1-b>Smithv1b.jpg</art1_image1-b>
		<art1_image1-m>Smithv1m.jpg</art1_image1-m>
		<art1_image1-s>Smithv1s.jpg</art1_image1-s>
		<art1_image2-b>Smithv2b.jpg</art1_image2-b>
		<art1_image2-m>Smithv2m.jpg</art1_image2-m>
		<art1_image2-s>Smithv2s.jpg</art1_image2-s>
	</station>
	<station>
		<abbr>NYCT</abbr>
		<agency>New York City Transit</agency>
		<station_name>Central Park North (110th Street)</station_name>
		<line>2,3</line>
		<art1_artist-first>Maren</art1_artist-first>
		<art1_artist-last>Hassinger</art1_artist-last>
		<art1_title>Message from Malcolm</art1_title>
		<art1_date>1998</art1_date>
		<art1_material>Glass mosaic on stairway walls and platform</art1_material>
		<art1_description>The artwork created for the station honors Malcolm X and consists of quotations within mosaic panels that line the stairway walls at the entrance and an upright wall on the station platform.  Speaking of her work, Maren Hassinger said, "Basically, I wanted to make something that behaved very physically with the site while also honoring the memory of Malcolm X..."  Among the quotations are "{I believe in a society in which people can live like human beings on the basis of equality"}, and "{Nobody's going to straighten out Harlem but us.}"   "The upright wall within the station contains images/symbols of prowess on one side and Malcolm's words on the reverse side, the artist said." Here the idea of power, leadership, and spiritual support are linked.  Malcolm X believed that we as African Americans have the power to determine our destinies.  This station is a reminder of that truth."</art1_description>
		<art1_image1-b>Hassenger1b.jpg</art1_image1-b>
		<art1_image1-m>Hassenger1m.jpg</art1_image1-m>
		<art1_image1-s>Hassenger1s.jpg</art1_image1-s>
		<art1_image2-b>Hassinger2b.jpg</art1_image2-b>
		<art1_image2-m>Hassinger2m.jpg</art1_image2-m>
		<art1_image2-s>Hassinger2s.jpg</art1_image2-s>
		<art1_image3-b>Hassinger3b.jpg</art1_image3-b>
		<art1_image3-m>Hassinger3m.jpg</art1_image3-m>
		<art1_image3-s>Hassinger3s.jpg</art1_image3-s>
	</station>
	<station>
		<abbr>NYCT</abbr>
		<agency>New York City Transit</agency>
		<station_name>72nd Street</station_name>
		<line>1,2,3</line>
		<art1_artist-first>Robert</art1_artist-first>
		<art1_artist-last>Hickman</art1_artist-last>
		<art1_title>Laced Canopy</art1_title>
		<art1_date>2002</art1_date>
		<art1_material>Mosaic glass skylight in north control house</art1_material>
		<art1_description>{Laced Canopy} has over 100 decorative glass mosaic panels - over one million fragments of glass - installed in the skylight of the subway control house, the first above-ground station house built in New York in over a century. The work's light and lacy effect is achieved from trapping the mosaic fragments between two sheets of specially fabricated glass.  The knots interwoven into the composition are also representations of musical notes from Giuseppe Verdi's opera {Rigoletto}, referencing Verdi Park, in which the station is located, and the nearby Metropolitan Opera.  Robert Hickman describes the sparkling canopy as "a delicate covering of crushed diamonds."  Nineteenth-century English sources inform the work, whose concept is based on the 1851 London Crystal Palace; William Morris fabric and wallpaper designs, as well as Greco-Roman knot patterns, are incorporated as motifs.</art1_description>
		<art1_image1-b>Hickman1b.jpg</art1_image1-b>
		<art1_image1-m>Hickman1m.jpg</art1_image1-m>
		<art1_image1-s>Hickman1s.jpg</art1_image1-s>
		<art1_image2-b>Hickman2b.jpg</art1_image2-b>
		<art1_image2-m>Hickman2m.jpg</art1_image2-m>
		<art1_image2-s>Hickman2s.jpg</art1_image2-s>
		<art1_image3-b>Hickman3b.jpg</art1_image3-b>
		<art1_image3-m>Hickman3m.jpg</art1_image3-m>
		<art1_image3-s>Hickman3s.jpg</art1_image3-s>
	</station>
        
	<station>
		<abbr>NYCT</abbr>
		<agency>New York City Transit</agency>
		<station_name>Times Square-46th Street</station_name>
		<line>A,C,E,N,Q,R,S,W,1,2,3,7</line>
		<art1_artist-first>Max</art1_artist-first>
		<art1_artist-last>Neuhaus</art1_artist-last>
		<art1_title>Times Square</art1_title>
		<art1_date>1977-1992, 2002-present</art1_date>
		<art1_description>The work of art, {Times Square} is an invisible, deliberately unmarked area of sound at the north end of the pedestrian island at Broadway between 46th and 45th Streets. Conceived and originally installed by artist Max Neuhaus, it provides a rich harmonic sound texture that emerges from a large underground vault covered by a grating. *Commenting on artwork, Neuhaus has said, "For those who find and accept the work's anomaly, the island becomes a different place, separate, but including its surroundings. People, having no way of knowing that it has been deliberately made, usually claim the work as a place of their own discovering." *Installed by the artist in 1977, the artwork remained active until 1992, when Neuhaus moved abroad. In 2002 it was reinstated with the help of the Times Square Business Improvement District, MTA Arts for Transit, and the Dia Art Foundation, which will assume responsibility for its upkeep.</art1_description>
		<art1_image1-b>neuhaus1b.jpg</art1_image1-b>
		<art1_image1-m>neuhaus1m.jpg</art1_image1-m>
		<art1_image1-s>neuhaus1s.jpg</art1_image1-s>
		<art1_image2-b>neuhaus2b.jpg</art1_image2-b>
		<art1_image2-m>neuhaus2m.jpg</art1_image2-m>
		<art1_image2-s>neuhaus2s.jpg</art1_image2-s>
		<art1_image3-b>neuhaus3b.jpg</art1_image3-b>
		<art1_image3-m>neuhaus3m.jpg</art1_image3-m>
		<art1_image3-s>neuhaus3s.jpg</art1_image3-s>
		<art1_image4-b>neuhaus4b.jpg</art1_image4-b>
		<art1_image4-m>neuhaus4m.jpg</art1_image4-m>
		<art1_image4-s>neuhaus4s.jpg</art1_image4-s>        
	</station>

	<station>
		<abbr>NYCT</abbr>
		<agency>New York City Transit</agency>
		<station_name>Times Square-42nd Street</station_name>
		<line>A,C,E,N,Q,R,S,W,1,2,3,7</line>
		<art1_artist-first>Roy</art1_artist-first>
		<art1_artist-last>Lichtenstein</art1_artist-last>
		<art1_title>Times Square Mural</art1_title>
		<art1_date>2002 (Collage 1990, fabricated 1994)</art1_date>
		<art1_material>Porcelain enamel on wall of N, Q, R, S, W, 1, 2, 3 mezzanine</art1_material>
		<art1_description>{Times Square Mural} captures the spirit of the subway, its linear movement and dynamic energy.  With a nod to both the past and the future- its central image is a futuristic bullet shaped car zipping through an underground station.  And not just any station, this is Times Square, in the heart of New York City. *Lichtenstein was born in New York in 1923 and spent his last years here.  {Times Square Mural} reflects his career, with references to, and variations on, his earlier works.  Lichtenstein also freely appropriated and incorporated images from the works of other artists and designers in his work.  For instance, the hooded figure at the right of the mural is from the old Buck Rogers comic strips and the iconic 42 image is from a series of drawings of the architectural detail of the subway.  It is a signature work that honors its creator and the place in which it is located.</art1_description>
		<art1_image1-b>Lichtenstein1b.jpg</art1_image1-b>
		<art1_image1-m>Lichtenstein1m.jpg</art1_image1-m>
		<art1_image1-s>Lichtenstein1s.jpg</art1_image1-s>
		<art1_image2-b>Lichtenstein2b.jpg</art1_image2-b>
		<art1_image2-m>Lichtenstein2m.jpg</art1_image2-m>
		<art1_image2-s>Lichtenstein2s.jpg</art1_image2-s>
		<art1_image3-b>Lichtenstein3b.jpg</art1_image3-b>
		<art1_image3-m>Lichtenstein3m.jpg</art1_image3-m>
		<art1_image3-s>Lichtenstein3s.jpg</art1_image3-s>
		<art1_podcast>true</art1_podcast>
		<art2_artist-first>Jack</art2_artist-first>
		<art2_artist-last>Beal</art2_artist-last>
		<art2_title>The Return of Spring/The Onset of Winter</art2_title>
		<art2_date>2001/2005</art2_date>
		<art2_material>Glass mosaic on wall of 41st Street/7th Avenue mezzanine</art2_material>
		<art2_description>Jack Beal uses classical mythology to comment on the relationship between what is above and below the surface - an apt metaphor for the subway.  The work consists of two large mosaic panels that illustrate the mythological character Persephone.  Instead of fasting, she ate a pomegranate and as punishment, is banished underground for six months of the year.  However, she is permitted to spend six months above ground on earth with her mother.  In mythology, the periods above and below ground were the beginning of seasons, which Beal uses in his titles.  Beal finds universality in the myth and brings it to life in a place filled with movement and purpose, bringing beauty underground.</art2_description>
		<art2_image1-b>Beal1b.jpg</art2_image1-b>
		<art2_image1-m>Beal1m.jpg</art2_image1-m>
		<art2_image1-s>Beal1s.jpg</art2_image1-s>
		<art2_image2-b>Beal2b.jpg</art2_image2-b>
		<art2_image2-m>Beal2m.jpg</art2_image2-m>
		<art2_image2-s>Beal2s.jpg</art2_image2-s>
		<art2_image3-b>Beal3b.jpg</art2_image3-b>
		<art2_image3-m>Beal3m.jpg</art2_image3-m>
		<art2_image3-s>Beal3s.jpg</art2_image3-s>
		<art2_image4-b>Beal4b.jpg</art2_image4-b>
		<art2_image4-m>Beal4m.jpg</art2_image4-m>
		<art2_image4-s>Beal4s.jpg</art2_image4-s>
		<art2_podcast>true</art2_podcast>
		<art3_artist-first>Toby</art3_artist-first>
		<art3_artist-last>Buonagurio</art3_artist-last>
		<art3_title>Times Square Times: 35 Times</art3_title>
		<art3_date>2005</art3_date>
		<art3_material>Ceramic plaques inset in glass block passageway</art3_material>
		<art3_description>Think of Times Square and a variety of images, sights, sounds, and scents come to mind.  Whatever they are, chances are you will find it in {Times Square: 35 Times}, a series of artworks encased within glass blocks and set into the walls of the station.  Toby Buonagurio conceived the work around three themes emblematic of the energetic vibrancy of midtown Manhattan: performing arts, fashion, and street life - all recognizable to the everyday passerby and to the thousands of tourists who visit the city.  The ceramics are installed in illuminated shadowboxes throughout the Times Square subway station complex.</art3_description>
		<art3_image1-b>Buonagurio1b.jpg</art3_image1-b>
		<art3_image1-m>Buonagurio1m.jpg</art3_image1-m>
		<art3_image1-s>Buonagurio1s.jpg</art3_image1-s>
		<art3_image2-b>Buonagurio2b.jpg</art3_image2-b>
		<art3_image2-m>Buonagurio2m.jpg</art3_image2-m>
		<art3_image2-s>Buonagurio2s.jpg</art3_image2-s>
		<art3_image3-b>Buonagurio3b.jpg</art3_image3-b>
		<art3_image3-m>Buonagurio3m.jpg</art3_image3-m>
		<art3_image3-s>Buonagurio3s.jpg</art3_image3-s>
		<art3_image4-b>Buonagurio4b.jpg</art3_image4-b>
		<art3_image4-m>Buonagurio4m.jpg</art3_image4-m>
		<art3_image4-s>Buonagurio4s.jpg</art3_image4-s>
		<art3_podcast>true</art3_podcast>
		<art4_artist-first>Jacob</art4_artist-first>
		<art4_artist-last>Lawrence</art4_artist-last>
		<art4_title>New York in Transit</art4_title>
		<art4_date>2001</art4_date>
		<art4_material>Glass mosaics on stairway wall between N, Q, W, R and S mezzanines</art4_material>
		<art4_description>The enormous mosaic mural is the focal point of the mezzanine in the Times Square subway complex.  Its shimmering and detailed surface pays tribute to the diversity and strength of New York City - its neighborhoods, cultural life, recreational pleasures, love of sports and, of course, its subway system.  {New York in Transit} was Jacob Lawrence's last public work.  In it he evokes city life seen from an elevated train and the sensitive and loving portrait shows a slice of city life and is a parting gift to New York City, seen by millions of people who live and visit here.</art4_description>
		<art4_image1-b>Lawrence1b.jpg</art4_image1-b>
		<art4_image1-m>Lawrence1m.jpg</art4_image1-m>
		<art4_image1-s>Lawrence1s.jpg</art4_image1-s>
		<art4_image2-b>Lawrence2b.jpg</art4_image2-b>
		<art4_image2-m>Lawrence2m.jpg</art4_image2-m>
		<art4_image2-s>Lawrence2s.jpg</art4_image2-s>
		<art4_image3-b>Lawrence3b.jpg</art4_image3-b>
		<art4_image3-m>Lawrence3m.jpg</art4_image3-m>
		<art4_image3-s>Lawrence3s.jpg</art4_image3-s>
		<art4_image4-b>Lawrence4b.jpg</art4_image4-b>
		<art4_image4-m>Lawrence4m.jpg</art4_image4-m>
		<art4_image4-s>Lawrence4s.jpg</art4_image4-s>
		<art4_podcast>true</art4_podcast>
		<art5_artist-first>Jane</art5_artist-first>
		<art5_artist-last>Dickson</art5_artist-last>
		<art5_title>The Revelers</art5_title>
		<art5_date>2008</art5_date>
		<art5_material>Glass mosaic in lower mezzanine and 41st Street passageway between Port Authority and Times Square</art5_material>
		<art5_description>It's been said that if you stand long enough in Times Square, you will meet everyone you've ever known. Long known as the crossroads of the world, Times Square is famous for many things, but mostly for its crowds, particularly the spirited celebration each New Year's Eve when hundreds of thousands of New Yorkers and visitors-joined by television viewers around the world, gather to watch the ball drop to usher in the New Year. Sharing hopes for the future, the huge crowds are televised against a neon background.  *In {The Revelers}, Jane Dickson celebrates this age-old impulse to gather. Her mosaic artwork consists of approximately 70 expressive life-size figures. Each is in motion, walking, gesturing, linking arms, or dancing; all enjoying themselves and each other's company. The central frieze of figures are presaged by a scattering of figures in groups of two or three walking in both directions along the corridors that lead to the central open space of the station complex, near the stairs to the 1, 2, 3 lines. These smaller groups share the space with commuters traveling through the passageways that connect the subway stations at Seventh and Eighth Avenues.</art5_description>
		<art5_image1-b>dickson1b.jpg</art5_image1-b>
		<art5_image1-m>dickson1m.jpg</art5_image1-m>
		<art5_image1-s>dickson1s.jpg</art5_image1-s>
		<art5_image2-b>dickson2b.jpg</art5_image2-b>
		<art5_image2-m>dickson2m.jpg</art5_image2-m>
		<art5_image2-s>dickson2s.jpg</art5_image2-s>
		<art5_image3-b>dickson3b.jpg</art5_image3-b>
		<art5_image3-m>dickson3m.jpg</art5_image3-m>
		<art5_image3-s>dickson3s.jpg</art5_image3-s>
		<art5_image4-b>dickson4b.jpg</art5_image4-b>
		<art5_image4-m>dickson4m.jpg</art5_image4-m>
		<art5_image4-s>dickson4s.jpg</art5_image4-s>
		<art5_movie>dickson2.wmv</art5_movie>
		<art5_movie_width>720</art5_movie_width>
		<art5_movie_height>480</art5_movie_height>
	</station>

	<station>
		<abbr>NYCT</abbr>
		<agency>New York City Transit</agency>
		<station_name>34th Street-Penn Station</station_name>
		<line>1,2,3</line>
		<art1_artist-first>Elizabeth</art1_artist-first>
		<art1_artist-last>Grajales</art1_artist-last>
		<art1_title>When the animals speak...</art1_title>
		<art1_date>1998</art1_date>
		<art1_material>Ceramic mosaic on 3 platform; handmade ceramic relief tiles on 1, 2 platform walls</art1_material>
		<art1_description>In her series of mosaics, Grajales shows wild beasts in a pastoral setting, reminiscent of the 19th-century paintings such as the "Peaceable Kingdom" by Edward Hicks.  One features a pair of lions happily coexisting with birds.  A nearby stream (representing the Hudson River) with cliffs behind (the Palisades in New Jersey) form the backdrop.  In another mosaic, a bear contentedly watches a doe and her young.  Other panels show birds in flight and nesting.  "As a child on shopping trips," notes Grajales, "I found the station dull and colorless.  I wanted to give people something cheerful but also calming - a refuge in the city.  That's why I used gentle colors like golden ochre and pale blues and greens for these idyllic Garden of Eden scenes."</art1_description>
		<art1_image1-b>Grajales1b.jpg</art1_image1-b>
		<art1_image1-m>Grajales1m.jpg</art1_image1-m>
		<art1_image1-s>Grajales1s.jpg</art1_image1-s>
		<art1_image2-b>Grajales2b.jpg</art1_image2-b>
		<art1_image2-m>Grajales2m.jpg</art1_image2-m>
		<art1_image2-s>Grajales2s.jpg</art1_image2-s>
		<art1_image3-b>Grajales3b.jpg</art1_image3-b>
		<art1_image3-m>Grajales3m.jpg</art1_image3-m>
		<art1_image3-s>Grajales3s.jpg</art1_image3-s>
	</station>
	<station>
		<abbr>NYCT</abbr>
		<agency>New York City Transit</agency>
		<station_name>Chambers Street/Park Place</station_name>
		<line>A,C,E,2,3</line>
		<art1_artist-first>Andrew</art1_artist-first>
		<art1_artist-last>Ginzel &amp; Kristin Jones</art1_artist-last>
		<art1_title>Oculus</art1_title>
		<art1_date>1998</art1_date>
		<art1_material>Stone mosaic on walls throughout station complex; stone and glass floor mosaic at Park Place entrance</art1_material>
		<art1_description>{Oculus} is located in passageways under the World Trade Center and was largely untouched by the events of 9/1l.  {Oculus} will also be visible at the Cortlandt Street Station after construction is completed.  Jones and Ginzel's work consists of over 300 unique mosaic renderings that use the oculus - the eye - as the central symbol.  In their words, "Oculus was created to personalize and integrate the stations.  Eyes are both subtle and strong - they engage passing individuals, allowing for meditation or inviting dialogue."  The eyes are from the artists' photographs taken in New York , which were selected for the diversity of the  subjects' eyes.  An enormous central eye set in the floor, grounds the composition and serves as the centerpiece of a map of the world which radiates outward.</art1_description>
		<art1_image1-b>ginzel-jones1b.jpg</art1_image1-b>
		<art1_image1-m>ginzel-jones1m.jpg</art1_image1-m>
		<art1_image1-s>ginzel-jones1s.jpg</art1_image1-s>
		<art1_image2-b>ginzel-jones2b.jpg</art1_image2-b>
		<art1_image2-m>ginzel-jones2m.jpg</art1_image2-m>
		<art1_image2-s>ginzel-jones2s.jpg</art1_image2-s>
		<art1_image3-b>ginzel-jones3b.jpg</art1_image3-b>
		<art1_image3-m>ginzel-jones3m.jpg</art1_image3-m>
		<art1_image3-s>ginzel-jones3s.jpg</art1_image3-s>
	</station>
	<station>
		<abbr>NYCT</abbr>
		<agency>New York City Transit</agency>
		<station_name>Fulton Street/Broadway-Nassau</station_name>
		<line>A,C,J,M,Z,2,3,4,5</line>
		<art1_artist-first>Nancy</art1_artist-first>
		<art1_artist-last>Holt</art1_artist-last>
		<art1_title>Astral Grating</art1_title>
		<art1_date>1987</art1_date>
		<art1_material>Steel and light sculpture in passageway ceiling between A, C and 4, 5 stations</art1_material>
		<art1_description>Nancy Holt's steel ceiling sculpture incorporating lighting at the Fulton Street/Broadway-Nassau subway station, is an example of Arts for Transit's early efforts to foster collaborations with station architects, (in this case, Lee Harris Pomeroy) to integrate the artwork with the architecture.   An environmental artist, Holt creates art by giving physical form to universal cycles of the sun, moon, and stars. *In {Astral Grating}, Holt has surrounded lights with graduated circular rings making domed openings in a dropped steel grate ceiling.  "The rings and light fixtures in this ceiling light sculpture are in the configuration of the stars in five constellations: Aries, Auriga, Canis Major, Cygnus, and Piscus Austrinus," says Holt.  The number of lights in a cluster and the diameter of the domed openings vary in size according to the brightness of the stars represented. *{The plan for the new Fulton Street Transit Center, includes the reinstallation of Astral Grating  in the reconfigured passageways.}</art1_description>
		<art1_image1-b>Holt1b.jpg</art1_image1-b>
		<art1_image1-m>Holt1m.jpg</art1_image1-m>
		<art1_image1-s>Holt1s.jpg</art1_image1-s>
		<art1_image2-b>Holt2b.jpg</art1_image2-b>
		<art1_image2-m>Holt2m.jpg</art1_image2-m>
		<art1_image2-s>Holt2s.jpg</art1_image2-s>
		<art2_artist-first>Frederick Dana</art2_artist-first>
		<art2_artist-last>Marsh</art2_artist-last>
		<art2_title>Marine Grill Murals</art2_title>
		<art2_date>ca. 1913; installed 2000</art2_date>
		<art2_material>Glazed terracotta murals and painted cast iron gates created for the McAlpin Hotel in 1913; reinstalled in passageway;  to be relocated to the new Williams Street entrance to the A, C, 2, 3 as part of the Fulton Street Transit Center project.</art2_material>
		<art2_description>At the turn of the twentieth century the McAlpin Hotel was one of the places to be seen.  Frederick Dana Marsh created a series of twenty terra cotta murals for its walls, with maritime themes celebrating New York's important seaport.  Times change, and the hotel became apartments and the murals were removed.  In 2000, six of the murals were installed in the station and was the Marine Grill's famed ironwork entrance gate.  All of this blends well with the terra cotta plaques installed elsewhere in the system by the original builders of the subway. *{The rebuilding of the station, as part of the Fulton Street Transit Center, is underway and requires the murals' removal, restoration, and relocation.}</art2_description>
		<art2_image1-b>Marsh1b.jpg</art2_image1-b>
		<art2_image1-m>Marsh1m.jpg</art2_image1-m>
		<art2_image1-s>Marsh1s.jpg</art2_image1-s>
		<art2_image2-b>Marsh2b.jpg</art2_image2-b>
		<art2_image2-m>Marsh2m.jpg</art2_image2-m>
		<art2_image2-s>Marsh2s.jpg</art2_image2-s>
		<art2_image3-b>Marsh3b.jpg</art2_image3-b>
		<art2_image3-m>Marsh3m.jpg</art2_image3-m>
		<art2_image3-s>Marsh3s.jpg</art2_image3-s>
	</station>
	<station>
		<abbr>NYCT</abbr>
		<agency>New York City Transit</agency>
		<station_name>Wall Street</station_name>
		<line>2,3</line>
		<art1_artist-first>Harry</art1_artist-first>
		<art1_artist-last>Roseman</art1_artist-last>
		<art1_title>Subway Wall</art1_title>
		<art1_date>1990</art1_date>
		<art1_material>Bronze relief on wall in passageway to 60 Wall Street, sponsored by JP Morgan</art1_material>
		<art1_description>Artist Harry Roseman created a bronze wall relief for the station that respects and highlights the underlying geology of the area while providing an experience for unsuspecting commuters.  As he described his work, "[This site] is underground, in the 'earth', under an urban setting...  Rocks are interspersed among tiles. The rocks in this situation could actually have been a part of the excavation process for the subway tunnel ... [and they] thus become a symbol for the process of building the tunnel and for being underground... The path and stairs as well as the tiles ... intermingle nature with the man-made. The built aspect of the stairs also alludes to the built environment, the city. The landscape could be the kind of place that was here before this was an urban center ...  The curve [of the tunnel] ... was also the perfect opportunity to twist the perspective of the staircase to reiterate the curve and suggest the going from one type of environment to another."</art1_description>
		<art1_image1-b>Roseman1b.jpg</art1_image1-b>
		<art1_image1-m>Roseman1m.jpg</art1_image1-m>
		<art1_image1-s>Roseman1s.jpg</art1_image1-s>
		<art1_image2-b>Roseman2b.jpg</art1_image2-b>
		<art1_image2-m>Roseman2m.jpg</art1_image2-m>
		<art1_image2-s>Roseman2s.jpg</art1_image2-s>
	</station>
	<station>
		<abbr>NYCT</abbr>
		<agency>New York City Transit</agency>
		<station_name>Clark Street</station_name>
		<line>2,3</line>
		<art1_artist-first>Ray</art1_artist-first>
		<art1_artist-last>Ring</art1_artist-last>
		<art1_title>Clark Street Passage</art1_title>
		<art1_date>1987</art1_date>
		<art1_material>Terrazzo floor in lower passageway</art1_material>
		<art1_description>{Clark Street Passage} is an intriguing artwork within the floor of the station that uses three geometric shapes - circles, squares, and triangles against a black background.  When transit customers walk down the passage they are exposed to all the configurations that can be made from these basic elements, which create a flowing sense of movement.  The study of constantly shifting geometric patterns is derived from artist Ray Ring's earlier work which was heavily influenced by early geometric abstract art from the early 20th century.</art1_description>
		<art1_image1-b>Ring1b.jpg</art1_image1-b>
		<art1_image1-m>Ring1m.jpg</art1_image1-m>
		<art1_image1-s>Ring1s.jpg</art1_image1-s>
		<art1_image2-b>Ring2b.jpg</art1_image2-b>
		<art1_image2-m>Ring2m.jpg</art1_image2-m>
		<art1_image2-s>Ring2s.jpg</art1_image2-s>
	</station>
	<station>
		<abbr>NYCT</abbr>
		<agency>New York City Transit</agency>
		<station_name>Nevins Street</station_name>
		<line>2,3,4,5</line>
		<art1_artist-first>Anton</art1_artist-first>
		<art1_artist-last>van Dalen</art1_artist-last>
		<art1_title>Work &amp; Nature</art1_title>
		<art1_date>1997</art1_date>
		<art1_material>Porcelain enamel frieze on mezzanine walls</art1_material>
		<art1_description>{Work &amp; Nature} was inspired by the artist's interest in the Nevins Street station and its aesthetic history.  The artwork consists of porcelain enamel steel plates that use the same soft blue, green, and ochre tones as in the original mosaics, which are detailed with stenciled silhouettes printed in black - a woman operates a sewing machine, an architect reads a blueprint, a mother looks after a child, a man plants a tree, famed blues singer Furry Lewis plays the guitar, and a woman addresses a meeting.  The historic  mosaic patterns that ran along the station's walls were water damaged and on the brink of permanent loss.  Moved by the mosaics' plight, Anton van Dalen decided to preserve "the station's olden elegance and grand beauty" and, at the same time, to create a tribute to the people who use the station.  For the artist, these figures symbolize "the pride, dignity, and beauty surrounding all work."</art1_description>
		<art1_image1-b>VanDalen1b.jpg</art1_image1-b>
		<art1_image1-m>VanDalen1m.jpg</art1_image1-m>
		<art1_image1-s>VanDalen1s.jpg</art1_image1-s>
		<art1_image2-b>VanDalen2b.jpg</art1_image2-b>
		<art1_image2-m>VanDalen2m.jpg</art1_image2-m>
		<art1_image2-s>VanDalen2s.jpg</art1_image2-s>
	</station>
	<station>
		<abbr>NYCT</abbr>
		<agency>New York City Transit</agency>
		<station_name>Atlantic Avenue-Pacific Street</station_name>
		<line>B,D,M,N,Q,R,2,3,4,5</line>
		<art1_artist-first>George</art1_artist-first>
		<art1_artist-last>Trakas</art1_artist-last>
		<artistextra>in collaboration with di Domenico + Partners</artistextra>
		<art1_title>Hook (Archean Reach), Line (Sea House), and Sinker (Mined Swell)</art1_title>
		<art1_date>2004</art1_date>
		<art1_description>The array of subway and rail lines at the Atlantic Avenue-Pacific Street and LIRR's Terminal presented a perfect opportunity for an "architect/artist" collaboration to unify passages and stairways, creating a coherent and efficient space.  George Trakas  uses forms and materials that underscore the structure and beauty of the cavernous space. *Trakas selected the stone pavers and bollards for the plaza area.  The architects designed a skylight for the historic station kiosk and Trakas added a small peephole equipped with a lens that provides a view from the street to the light-filled space below.  The viewer spies a boat-shaped gantry of stainless steel and mesh beneath the skylight.  A granite "wave" runs along the walls and crests at the point where the two stations, Atlantic Avenue and Pacific Street, meet - linking the passageways.  Referencing the names {Atlantic} and {Pacific}, the overarching concept is a place of landing and departure - functions shared by train stations and seaports.</art1_description>
		<art1_image1-b>Trakas1b.jpg</art1_image1-b>
		<art1_image1-m>Trakas1m.jpg</art1_image1-m>
		<art1_image1-s>Trakas1s.jpg</art1_image1-s>
		<art1_image2-b>Trakas2b.jpg</art1_image2-b>
		<art1_image2-m>Trakas2m.jpg</art1_image2-m>
		<art1_image2-s>Trakas2s.jpg</art1_image2-s>
		<art1_image3-b>Trakas3b.jpg</art1_image3-b>
		<art1_image3-m>Trakas3m.jpg</art1_image3-m>
		<art1_image3-s>Trakas3s.jpg</art1_image3-s>
	</station>
	<station>
		<abbr>NYCT</abbr>
		<agency>New York City Transit</agency>
		<station_name>Grand Army Plaza</station_name>
		<line>2,3</line>
		<art1_artist-first>Jane</art1_artist-first>
		<art1_artist-last>Greengold</art1_artist-last>
		<art1_title>Wings for the IRT: The Irresistible Romance of Travel</art1_title>
		<art1_date>1995</art1_date>
		<art1_material>Bronze and terra cotta plaques on mezzanine walls</art1_material>
		<art1_description>The bronze and terra cotta art for this station references the triumphal Soldiers and Sailors Memorial Arch located above the Grand Army Plaza subway station,  which celebrates the Union army's victory in the Civil War.  Located opposite Brooklyn's Prospect Park, it is topped by a dramatic tableau of two Winged Victories, the ancient symbol of triumph, and four rearing horses leading a chariot carrying the figures of Columbia.  The arch is reflected Jane Greengold's {Wings for the IRT: The Irresistible Romance of Travel}.  Terra cotta bas relief mosaics of a Winged Victory appear at the base of each of the station's entrance staircases; three bronze Winged Victory plaques and a large terra cotta bas relief mosaic of two Victories leading a subway car also adorn the station.  Appropriately, the relief also alludes to the history of the subway system; the first logo for the Interboro Rapid Transit (IRT) was "{Flying Wheels}," a subway car with wings, and the artwork's title includes the initials of the IRT.</art1_description>
		<art1_image1-b>Greengold1b.jpg</art1_image1-b>
		<art1_image1-m>Greengold1m.jpg</art1_image1-m>
		<art1_image1-s>Greengold1s.jpg</art1_image1-s>
		<art1_image2-b>Greengold2b.jpg</art1_image2-b>
		<art1_image2-m>Greengold2m.jpg</art1_image2-m>
		<art1_image2-s>Greengold2s.jpg</art1_image2-s>
	</station>
	<station>
		<abbr>NYCT</abbr>
		<agency>New York City Transit</agency>
		<station_name>Eastern Parkway-Brooklyn Museum</station_name>
		<line>2,3</line>
		<art1_artist-last>Arts for Transit Collaborative</art1_artist-last>
		<art1_title>New York City Architectural Artifacts from the Collection of the Brooklyn Museum</art1_title>
		<art1_date>2004</art1_date>
		<art1_material>Terra cotta artifacts and glass mosaic on mezzanine and stairway walls</art1_material>
		<art1_description>The Brooklyn Museum has long served as a repository for ornamental architectural forms salvaged from significant buildings that were being demolished.  Seventy-eight of these artifacts are installed in the Eastern Parkway/Brooklyn Museum subway station, enriching the environment and creating an introduction to the museum above.  Among these are plaques, lunettes, keystones, and other decorative elements that represent the city's architectural heritage.  The project is a successful example of institutional collaboration.  The Brooklyn Museum, working with MTA Arts for Transit and Vel Riberto Consulting, selected the artifacts and donated them to the project.  New mosaic designs were added, to frame the objects and to make connections with the architecture of the station.</art1_description>
		<art1_image1-b>aftBMA1b.jpg</art1_image1-b>
		<art1_image1-m>aftBMA1m.jpg</art1_image1-m>
		<art1_image1-s>aftBMA1s.jpg</art1_image1-s>
		<art1_image2-b>aftBMA2b.jpg</art1_image2-b>
		<art1_image2-m>aftBMA2m.jpg</art1_image2-m>
		<art1_image2-s>aftBMA2s.jpg</art1_image2-s>
		<art1_image3-b>aftBMA3b.jpg</art1_image3-b>
		<art1_image3-m>aftBMA3m.jpg</art1_image3-m>
		<art1_image3-s>aftBMA3s.jpg</art1_image3-s>
		<art1_image4-b>aftBMA4b.jpg</art1_image4-b>
		<art1_image4-m>aftBMA4m.jpg</art1_image4-m>
		<art1_image4-s>aftBMA4s.jpg</art1_image4-s>
	</station>

	<station>
		<abbr>NYCT</abbr>
		<agency>New York City Transit</agency>
		<station_name>Botantic Garden /Franklin Avenue</station_name>
		<line>S,2,3,4,5</line>
		<art1_artist-first>Millie</art1_artist-first>
		<art1_artist-last>Burns</art1_artist-last>
		<art1_title>IL7/Square</art1_title>
		<art1_date>1999</art1_date>
		<art1_material>Wrought iron railings at station exterior</art1_material>
		<art1_description>At the Botanic Garden station, community representatives, the station architectural team, and artist Millie Burns created a sensitive visual transition from street to mini-park surrounding the entrance and finally into the transit facility itself.  This is achieved by fences and railing designs.  The tall and wavy metal constructions echo both the trees and stately apartment buildings lining Eastern Parkway and harmonize with the modern lines of the station house.  Most importantly, they lead the way into the station and provide aesthetic uplift for transit users.  "The communities that border Eastern Parkway and the Botanic Garden are blessed with a rich natural bounty," Burns says.  "We are surrounded by trees, shrubs, plants, and vines.  The fences and railing designs are drawn from what I see in this neighborhood.  {IL7/Square} is about growth, a reaching toward the sun."</art1_description>
		<art1_image1-b>Burns1b.jpg</art1_image1-b>
		<art1_image1-m>Burns1m.jpg</art1_image1-m>
		<art1_image1-s>Burns1s.jpg</art1_image1-s>
		<art1_image2-b>Burns2b.jpg</art1_image2-b>
		<art1_image2-m>Burns2m.jpg</art1_image2-m>
		<art1_image2-s>Burns2s.jpg</art1_image2-s>
	</station>
	<station>
		<abbr>NYCT</abbr>
		<agency>New York City Transit</agency>
		<station_name>Crown Heights-Utica Avenue</station_name>
		<line>3,4</line>
		<art1_artist-first>Hugo</art1_artist-first>
		<art1_artist-last>Consuegra</art1_artist-last>
		<art1_title>Good Morning and Good Night</art1_title>
		<art1_date>2004</art1_date>
		<art1_material>Ceramic tiles on platform walls, bronze medallions in gates</art1_material>
		<art1_description>Hugo Consuegra was already serving as the architect for the Crown Heights - Utica Avenue subway station when his responsibilities were expanded to include the addition of artwork.  The art includes a series of ceramic tile panels on the platform walls and bronze medallions that revolve around the theme of sun and moon.  His {Good Morning and Good Night} mirror the pedestrian flow of riders going to and from their homes each day.  {Good Morning} is on the inbound side of the station, which fills in the morning hours and features images of the sun rising, while {Good Night} welcomes travelers home as the evening arrives with scenes of the moon high above the night sky.</art1_description>
		<art1_image1-b>Consuegra1b.jpg</art1_image1-b>
		<art1_image1-m>Consuegra1m.jpg</art1_image1-m>
		<art1_image1-s>Consuegra1s.jpg</art1_image1-s>
		<art1_image2-b>Consuegra2b.jpg</art1_image2-b>
		<art1_image2-m>Consuegra2m.jpg</art1_image2-m>
		<art1_image2-s>Consuegra2s.jpg</art1_image2-s>
		<art1_image3-b>Consuegra3b.jpg</art1_image3-b>
		<art1_image3-m>Consuegra3m.jpg</art1_image3-m>
		<art1_image3-s>Consuegra3s.jpg</art1_image3-s>
	</station>
</permart>