<?xml version="1.0" encoding="UTF-8" ?>
<permart>

	<station>
		<abbr>NYCT</abbr>
		<agency>New York City Transit</agency>
		<station_name>Grand Central-42nd Street</station_name>
		<line>S,4,5,6,7</line>
		<art1_artist-first>Jackie</art1_artist-first>
		<art1_artist-last>Ferrara</art1_artist-last>
		<art1_title>Grand Central: Arches, Towers, Pyramids</art1_title>
		<art1_date>2000</art1_date>
		<art1_material>Ceramic mosaic band on walls of S platform, passageway to 7 platform, and upper passageway to S, 4, 5, 6, 7 and Grand Central Terminal</art1_material>
		<art1_description>The passageways and waiting areas of Grand Central's subway stations are like a bustling city, an underground community - but without a skyline.  This mosaic artwork brings architectural views down below. *Ferrara has long been interested in the simple and repetitive forms of building, and she uses forms that are simple and schematic, almost primitive-looking structures.  Taken together, they lend a unity and meditative character to the space; as people move through the platforms and passageways, the images seem to shift, and no two vistas are the same.  Ferrara thinks of these as pieces of a mathematical puzzle.  The spare simplicity and economy of design attracts viewers.  Nothing is casual or unintentional in the artist's design, which she describes: "This sequence of stripe/image is calculated.  It can be seen as images on a strip of film, or a line of faces framed in the windows of a passing train."</art1_description>
		<art1_image1-b>Ferrara1b.jpg</art1_image1-b>
		<art1_image1-m>Ferrara1m.jpg</art1_image1-m>
		<art1_image1-s>Ferrara1s.jpg</art1_image1-s>
		<art1_image2-b>Ferrara2b.jpg</art1_image2-b>
		<art1_image2-m>Ferrara2m.jpg</art1_image2-m>
		<art1_image2-s>Ferrara2s.jpg</art1_image2-s>
		<art2_artist-first>Dan</art2_artist-first>
		<art2_artist-last>Sinclair</art2_artist-last>
		<art2_title>Fast Track and Speedwheels</art2_title>
		<art2_date>1990</art2_date>
		<art2_material>Two mixed-media sculptures in passageway between the shuttle S and 4, 5, 6 lines</art2_material>
		<art2_description>Dan Sinclair's {Fast Track and Speedwheels} are assemblages crafted from bright metallic sections that include wavy aluminum sheets, steel wheels, brass disks, copper springs and wires.  Installed within a long passageway between the subway and Grand Central Terminal above, they interpret the speed, energy and train travel imagery into a series of relief sculptures.  The art-deco shapes and various turning wheels, spinning gears and pistons add to the aura of the location, below one of America's premiere rail stations.  "I want my sculpture to make people think of the power of the engines that drive the trains, the speed and efficiency of them . . . the sculptures also reflect the architectural elements of Times Square and the Art Deco glamour of Radio City Music Hall," says the artist.</art2_description>
		<art2_image1-b>Sinclair1b.jpg</art2_image1-b>
		<art2_image1-m>Sinclair1m.jpg</art2_image1-m>
		<art2_image1-s>Sinclair1s.jpg</art2_image1-s>
		<art2_image2-b>Sinclair2b.jpg</art2_image2-b>
		<art2_image2-m>Sinclair2m.jpg</art2_image2-m>
		<art2_image2-s>Sinclair2s.jpg</art2_image2-s>
		<art3_artist-first>Christopher</art3_artist-first>
		<art3_artist-last>Sproat</art3_artist-last>
		<art3_title>V-Beam</art3_title>
		<art3_date>2000</art3_date>
		<art3_material>Functional stainless steel ceiling sculpture on  7  platform incorporating lighting, signage, LED, and fan system</art3_material>
		<art3_description>{V-Beam} is a functional structure and an aesthetic statement.  Artist Christopher Sproat has combined standard transportation hardware - signage, air circulation, and safety equipment - with his artistic sensibility to integrate the sculpture into the transit environment.  The artwork takes the form of a large V, which Sproat judged to be the most practical shape in terms of access and stability, and is equipped with extruded aluminum panels and light-emitting diodes to carry out its functions.  "Rather than make an artistic or decorative statement and add it to the station so that the viewer knows 'this is art,' I chose to make the entire space exuberant and unique," the artist says.</art3_description>
		<art3_image1-b>Sproat1b.jpg</art3_image1-b>
		<art3_image1-m>Sproat1m.jpg</art3_image1-m>
		<art3_image1-s>Sproat1s.jpg</art3_image1-s>
		<art3_image2-b>Sproat2b.jpg</art3_image2-b>
		<art3_image2-m>Sproat2m.jpg</art3_image2-m>
		<art3_image2-s>Sproat2s.jpg</art3_image2-s>
		<art3_image3-b>Sproat3b.jpg</art3_image3-b>
		<art3_image3-m>Sproat3m.jpg</art3_image3-m>
		<art3_image3-s>Sproat3s.jpg</art3_image3-s>
	</station>

	<station>
		<abbr>NYCT</abbr>
		<agency>New York City Transit</agency>
		<station_name>Times Square-42nd Street</station_name>
		<line>A,C,E,N,Q,R,S,W,1,2,3,7</line>
		<art1_artist-first>Roy</art1_artist-first>
		<art1_artist-last>Lichtenstein</art1_artist-last>
		<art1_title>Times Square Mural</art1_title>
		<art1_date>2002 (Collage 1990, fabricated 1994)</art1_date>
		<art1_material>Porcelain enamel on wall of N, Q, R, S, W, 1, 2, 3 mezzanine</art1_material>
		<art1_description>{Times Square Mural} captures the spirit of the subway, its linear movement and dynamic energy.  With a nod to both the past and the future- its central image is a futuristic bullet shaped car zipping through an underground station.  And not just any station, this is Times Square, in the heart of New York City. *Lichtenstein was born in New York in 1923 and spent his last years here.  {Times Square Mural} reflects his career, with references to, and variations on, his earlier works.  Lichtenstein also freely appropriated and incorporated images from the works of other artists and designers in his work.  For instance, the hooded figure at the right of the mural is from the old Buck Rogers comic strips and the iconic 42 image is from a series of drawings of the architectural detail of the subway.  It is a signature work that honors its creator and the place in which it is located.</art1_description>
		<art1_image1-b>Lichtenstein1b.jpg</art1_image1-b>
		<art1_image1-m>Lichtenstein1m.jpg</art1_image1-m>
		<art1_image1-s>Lichtenstein1s.jpg</art1_image1-s>
		<art1_image2-b>Lichtenstein2b.jpg</art1_image2-b>
		<art1_image2-m>Lichtenstein2m.jpg</art1_image2-m>
		<art1_image2-s>Lichtenstein2s.jpg</art1_image2-s>
		<art1_image3-b>Lichtenstein3b.jpg</art1_image3-b>
		<art1_image3-m>Lichtenstein3m.jpg</art1_image3-m>
		<art1_image3-s>Lichtenstein3s.jpg</art1_image3-s>
		<art1_podcast>true</art1_podcast>
		<art2_artist-first>Jack</art2_artist-first>
		<art2_artist-last>Beal</art2_artist-last>
		<art2_title>The Return of Spring/The Onset of Winter</art2_title>
		<art2_date>2001/2005</art2_date>
		<art2_material>Glass mosaic on wall of 41st Street/7th Avenue mezzanine</art2_material>
		<art2_description>Jack Beal uses classical mythology to comment on the relationship between what is above and below the surface - an apt metaphor for the subway.  The work consists of two large mosaic panels that illustrate the mythological character Persephone.  Instead of fasting, she ate a pomegranate and as punishment, is banished underground for six months of the year.  However, she is permitted to spend six months above ground on earth with her mother.  In mythology, the periods above and below ground were the beginning of seasons, which Beal uses in his titles.  Beal finds universality in the myth and brings it to life in a place filled with movement and purpose, bringing beauty underground.</art2_description>
		<art2_image1-b>Beal1b.jpg</art2_image1-b>
		<art2_image1-m>Beal1m.jpg</art2_image1-m>
		<art2_image1-s>Beal1s.jpg</art2_image1-s>
		<art2_image2-b>Beal2b.jpg</art2_image2-b>
		<art2_image2-m>Beal2m.jpg</art2_image2-m>
		<art2_image2-s>Beal2s.jpg</art2_image2-s>
		<art2_image3-b>Beal3b.jpg</art2_image3-b>
		<art2_image3-m>Beal3m.jpg</art2_image3-m>
		<art2_image3-s>Beal3s.jpg</art2_image3-s>
		<art2_image4-b>Beal4b.jpg</art2_image4-b>
		<art2_image4-m>Beal4m.jpg</art2_image4-m>
		<art2_image4-s>Beal4s.jpg</art2_image4-s>
		<art2_podcast>true</art2_podcast>
		<art3_artist-first>Toby</art3_artist-first>
		<art3_artist-last>Buonagurio</art3_artist-last>
		<art3_title>Times Square Times: 35 Times</art3_title>
		<art3_date>2005</art3_date>
		<art3_material>Ceramic plaques inset in glass block passageway</art3_material>
		<art3_description>Think of Times Square and a variety of images, sights, sounds, and scents come to mind.  Whatever they are, chances are you will find it in {Times Square: 35 Times}, a series of artworks encased within glass blocks and set into the walls of the station.  Toby Buonagurio conceived the work around three themes emblematic of the energetic vibrancy of midtown Manhattan: performing arts, fashion, and street life - all recognizable to the everyday passerby and to the thousands of tourists who visit the city.  The ceramics are installed in illuminated shadowboxes throughout the Times Square subway station complex.</art3_description>
		<art3_image1-b>Buonagurio1b.jpg</art3_image1-b>
		<art3_image1-m>Buonagurio1m.jpg</art3_image1-m>
		<art3_image1-s>Buonagurio1s.jpg</art3_image1-s>
		<art3_image2-b>Buonagurio2b.jpg</art3_image2-b>
		<art3_image2-m>Buonagurio2m.jpg</art3_image2-m>
		<art3_image2-s>Buonagurio2s.jpg</art3_image2-s>
		<art3_image3-b>Buonagurio3b.jpg</art3_image3-b>
		<art3_image3-m>Buonagurio3m.jpg</art3_image3-m>
		<art3_image3-s>Buonagurio3s.jpg</art3_image3-s>
		<art3_image4-b>Buonagurio4b.jpg</art3_image4-b>
		<art3_image4-m>Buonagurio4m.jpg</art3_image4-m>
		<art3_image4-s>Buonagurio4s.jpg</art3_image4-s>
		<art3_podcast>true</art3_podcast>
		<art4_artist-first>Jacob</art4_artist-first>
		<art4_artist-last>Lawrence</art4_artist-last>
		<art4_title>New York in Transit</art4_title>
		<art4_date>2001</art4_date>
		<art4_material>Glass mosaics on stairway wall between N, Q, W, R and S mezzanines</art4_material>
		<art4_description>The enormous mosaic mural is the focal point of the mezzanine in the Times Square subway complex.  Its shimmering and detailed surface pays tribute to the diversity and strength of New York City - its neighborhoods, cultural life, recreational pleasures, love of sports and, of course, its subway system.  {New York in Transit} was Jacob Lawrence's last public work.  In it he evokes city life seen from an elevated train and the sensitive and loving portrait shows a slice of city life and is a parting gift to New York City, seen by millions of people who live and visit here.</art4_description>
		<art4_image1-b>Lawrence1b.jpg</art4_image1-b>
		<art4_image1-m>Lawrence1m.jpg</art4_image1-m>
		<art4_image1-s>Lawrence1s.jpg</art4_image1-s>
		<art4_image2-b>Lawrence2b.jpg</art4_image2-b>
		<art4_image2-m>Lawrence2m.jpg</art4_image2-m>
		<art4_image2-s>Lawrence2s.jpg</art4_image2-s>
		<art4_image3-b>Lawrence3b.jpg</art4_image3-b>
		<art4_image3-m>Lawrence3m.jpg</art4_image3-m>
		<art4_image3-s>Lawrence3s.jpg</art4_image3-s>
		<art4_image4-b>Lawrence4b.jpg</art4_image4-b>
		<art4_image4-m>Lawrence4m.jpg</art4_image4-m>
		<art4_image4-s>Lawrence4s.jpg</art4_image4-s>
		<art4_podcast>true</art4_podcast>
		<art5_artist-first>Jane</art5_artist-first>
		<art5_artist-last>Dickson</art5_artist-last>
		<art5_title>The Revelers</art5_title>
		<art5_date>2008</art5_date>
		<art5_material>Glass mosaic in lower mezzanine and 41st Street passageway between Port Authority and Times Square</art5_material>
		<art5_description>It's been said that if you stand long enough in Times Square, you will meet everyone you've ever known. Long known as the crossroads of the world, Times Square is famous for many things, but mostly for its crowds, particularly the spirited celebration each New Year's Eve when hundreds of thousands of New Yorkers and visitors-joined by television viewers around the world, gather to watch the ball drop to usher in the New Year. Sharing hopes for the future, the huge crowds are televised against a neon background.  *In {The Revelers}, Jane Dickson celebrates this age-old impulse to gather. Her mosaic artwork consists of approximately 70 expressive life-size figures. Each is in motion, walking, gesturing, linking arms, or dancing; all enjoying themselves and each other's company. The central frieze of figures are presaged by a scattering of figures in groups of two or three walking in both directions along the corridors that lead to the central open space of the station complex, near the stairs to the 1, 2, 3 lines. These smaller groups share the space with commuters traveling through the passageways that connect the subway stations at Seventh and Eighth Avenues.</art5_description>
		<art5_image1-b>dickson1b.jpg</art5_image1-b>
		<art5_image1-m>dickson1m.jpg</art5_image1-m>
		<art5_image1-s>dickson1s.jpg</art5_image1-s>
		<art5_image2-b>dickson2b.jpg</art5_image2-b>
		<art5_image2-m>dickson2m.jpg</art5_image2-m>
		<art5_image2-s>dickson2s.jpg</art5_image2-s>
		<art5_image3-b>dickson3b.jpg</art5_image3-b>
		<art5_image3-m>dickson3m.jpg</art5_image3-m>
		<art5_image3-s>dickson3s.jpg</art5_image3-s>
		<art5_image4-b>dickson4b.jpg</art5_image4-b>
		<art5_image4-m>dickson4m.jpg</art5_image4-m>
		<art5_image4-s>dickson4s.jpg</art5_image4-s>
		<art5_movie>dickson2.wmv</art5_movie>
		<art5_movie_width>720</art5_movie_width>
		<art5_movie_height>480</art5_movie_height>
	</station>
	
	<station>
		<abbr>NYCT</abbr>
		<agency>New York City Transit</agency>
		<station_name>Times Square-46th Street</station_name>
		<line>A,C,E,N,Q,R,S,W,1,2,3,7</line>
		<art1_artist-first>Max</art1_artist-first>
		<art1_artist-last>Neuhaus</art1_artist-last>
		<art1_title>Times Square</art1_title>
		<art1_date>1977-1992, 2002-present</art1_date>
		<art1_description>The work of art, {Times Square} is an invisible, deliberately unmarked area of sound at the north end of the pedestrian island at Broadway between 46th and 45th Streets. Conceived and originally installed by artist Max Neuhaus, it provides a rich harmonic sound texture that emerges from a large underground vault covered by a grating. *Commenting on artwork, Neuhaus has said, "For those who find and accept the work's anomaly, the island becomes a different place, separate, but including its surroundings. People, having no way of knowing that it has been deliberately made, usually claim the work as a place of their own discovering." *Installed by the artist in 1977, the artwork remained active until 1992, when Neuhaus moved abroad. In 2002 it was reinstated with the help of the Times Square Business Improvement District, MTA Arts for Transit, and the Dia Art Foundation, which will assume responsibility for its upkeep.</art1_description>
		<art1_image1-b>neuhaus1b.jpg</art1_image1-b>
		<art1_image1-m>neuhaus1m.jpg</art1_image1-m>
		<art1_image1-s>neuhaus1s.jpg</art1_image1-s>
		<art1_image2-b>neuhaus2b.jpg</art1_image2-b>
		<art1_image2-m>neuhaus2m.jpg</art1_image2-m>
		<art1_image2-s>neuhaus2s.jpg</art1_image2-s>
		<art1_image3-b>neuhaus3b.jpg</art1_image3-b>
		<art1_image3-m>neuhaus3m.jpg</art1_image3-m>
		<art1_image3-s>neuhaus3s.jpg</art1_image3-s>
		<art1_image4-b>neuhaus4b.jpg</art1_image4-b>
		<art1_image4-m>neuhaus4m.jpg</art1_image4-m>
		<art1_image4-s>neuhaus4s.jpg</art1_image4-s>        
	</station>

</permart>
