<?xml version="1.0" encoding="UTF-8" ?>
<podcast>

	<cast date="12/20/2007">
		<image>pod-lichtenstein.jpg</image>
		<artist>Roy Lichtenstein</artist>
		<link>Times Square Mural</link>
		<url>../permanentart/permart.html?agency=nyct&amp;line=A&amp;station=3&amp;artist=1</url>
		<year>2002</year>
		<stations>Times Square-42nd Street, A,C,E,N,Q,R,S,W,1,2,3,7 lines.</stations>
		<mp3 filesize="3297280" duration="4:34">lichtenstein_FINAL2.mp3</mp3>
	</cast>
	
	<cast date="12/20/2007">
		<image>pod-beal.jpg</image>
		<artist>Jack Beal</artist>
		<link>The Return of Spring/The Onset of Winter</link>
		<url>../permanentart/permart.html?agency=NYCT&amp;line=A&amp;station=3&amp;artist=2</url>
		<year>2001/2005</year>
		<stations>Times Square-42nd Street, A,C,E,N,Q,R,S,W,1,2,3,7 lines.</stations>
		<mp3 filesize="3438592" duration="4:46">beal_FINAL2.mp3</mp3>
	</cast>
	
	<cast date="12/20/2007">
		<image>pod-buonagurio.jpg</image>
		<artist>Toby Buonagurio</artist>
		<link>Times Square Times: 35 Times</link>
		<url>../permanentart/permart.html?agency=NYCT&amp;line=A&amp;station=3&amp;artist=3</url>
		<year>2005</year>
		<stations>Times Square-42nd Street, A,C,E,N,Q,R,S,W,1,2,3,7 lines.</stations>
		<mp3 filesize="3149824" duration="4:22">toby_FINAL2.mp3</mp3>
	</cast>
	
	<cast date="12/20/2007">
		<image>pod-lawrence.jpg</image>
		<artist>Jacob Lawrence</artist>
		<link>New York in Transit</link>
		<url>../permanentart/permart.html?agency=NYCT&amp;line=A&amp;station=3&amp;artist=4</url>
		<year>2001</year>
		<stations>Times Square-42nd Street, A,C,E,N,Q,R,S,W,1,2,3,7 lines.</stations>
		<mp3 filesize="3139584" duration="4:21">lawrence_FINAL2.mp3</mp3>
	</cast>
		

</podcast>